Date,"1 Trend allocation (1 part, day 1)",Trend allocation (4 parts),2 Dual momentum (12m),3 Trend allocation + 10% vol target,"4 Hold by default (12 ETFs, 200d)",4 Hold by default (4 parts),5 Setup J + 3x ATR trailing stop,Setup J (archived),SPY buy & hold,60/40 SPY/IEF
2007-01-05,97708.32,97708.32,97583.81,97708.32,99077.45,99077.45,100027.27,100027.27,98748.58,99229.16
2007-01-12,98984.49,98832.96,98794.53,98984.49,100675.28,100660.0,100456.43,100456.43,100645.63,100130.56
2007-01-19,99424.62,99262.48,99588.28,99424.62,100482.74,100399.33,100190.92,100190.92,100350.55,99943.87
2007-01-26,99963.71,99557.39,99171.94,99963.71,99940.78,99846.42,100191.07,100191.07,99865.78,99454.79
2007-02-02,101324.12,100675.97,100960.82,101324.12,101915.22,101696.24,100650.78,100671.29,101748.76,100741.12
2007-02-09,101996.4,101320.7,100867.18,101996.4,101564.55,101378.86,100850.95,100737.34,101137.5,100509.42
2007-02-16,102816.49,102134.43,103207.38,102816.49,102748.26,102564.81,101155.47,101004.28,102395.25,101513.76
2007-02-23,102945.53,102255.88,103611.25,102945.53,102814.63,102629.16,101600.1,101358.46,102093.1,101436.74
2007-03-02,100069.11,99489.76,97856.64,100069.11,98180.52,97998.98,100458.08,100107.32,97434.61,99152.52
2007-03-09,100654.48,100026.49,100143.02,100654.48,99549.07,99365.97,100555.07,100114.77,98917.15,99870.39
2007-03-16,100035.15,99456.94,99000.55,100035.15,98675.19,98496.33,100651.6,100210.87,97722.3,99327.86
2007-03-23,101816.59,101215.81,103371.19,101816.59,102145.0,101957.97,101028.03,100585.86,101150.64,101284.0
2007-03-30,101702.5,101108.07,103102.76,101702.5,101112.27,100924.85,100458.78,100017.95,100170.11,100600.75
2007-04-06,102525.03,101931.64,105039.42,102525.03,102940.26,102752.76,101702.96,101258.09,101750.24,101523.7
2007-04-13,102985.82,102394.62,106277.08,102985.82,103614.3,103427.36,102385.26,101938.06,102512.13,101803.27
2007-04-20,104069.14,103468.83,108186.95,104069.14,105606.06,105415.11,103984.32,103477.53,104839.98,103464.04
2007-04-27,103930.21,103331.35,107340.31,103930.21,106541.56,106349.21,104870.94,104119.89,105481.99,103870.52
2007-05-04,104133.67,103541.36,108805.98,104133.67,107323.6,107129.68,105597.21,104556.2,106462.52,104630.6
2007-05-11,103604.12,103019.26,108322.58,103604.12,107354.9,107163.27,105553.77,104510.75,106420.17,104525.58
2007-05-18,102457.01,101880.15,108538.13,102457.01,108436.15,108242.9,106440.39,105134.63,107661.67,104943.35
2007-05-25,102166.76,101617.19,108336.98,102166.76,107886.88,107696.6,106262.88,105179.57,107005.67,104424.07
2007-06-01,103763.58,102970.34,110179.15,103763.58,109607.7,109415.84,107840.72,105840.49,108691.66,105183.2
2007-06-08,101831.64,100883.21,107652.22,101831.64,107300.75,107121.72,105700.97,105171.8,106547.13,103548.08
2007-06-15,102952.39,102034.8,109145.36,102952.39,109427.03,109244.73,106719.25,105320.2,108444.58,104573.78
2007-06-22,101793.09,101271.78,108043.71,101793.09,107457.92,107274.46,106088.41,104963.67,106659.19,103654.63
2007-06-29,101568.16,101020.99,109119.39,101568.16,107615.48,107439.7,105737.07,104916.03,106574.18,103936.44
2007-07-06,102689.21,102123.02,111458.87,102689.21,109604.89,109429.01,106536.14,105309.08,108380.72,104600.55
2007-07-13,103501.55,102928.58,112870.85,103501.55,111147.8,110968.67,107117.7,105491.77,109705.62,105637.83
2007-07-20,103424.54,102876.62,111325.48,103424.54,110285.7,110102.24,106759.78,105086.0,108749.21,105506.86
2007-07-27,101254.04,100818.21,104913.67,101254.04,104226.83,104155.23,105169.3,104014.97,102805.15,102605.46
2007-08-03,101402.46,100885.03,105209.33,101402.46,103617.57,103337.12,105282.97,104003.49,101877.08,102293.53
2007-08-10,100667.67,100388.56,103557.12,100667.67,103782.8,104237.23,105288.73,104009.23,102521.8,102394.76
2007-08-17,100070.7,99739.7,100856.3,100070.7,103365.57,103303.43,105518.22,104235.93,102521.8,102874.43
2007-08-24,101827.5,101047.53,105749.44,101827.5,104914.0,105226.43,105495.32,104213.31,105086.39,104574.95
2007-08-31,102220.04,101465.9,105964.76,102220.04,105215.1,105303.39,105541.17,104258.6,104562.14,104650.75
2007-09-07,103219.09,102656.55,104500.04,103219.09,104630.22,104837.1,105106.9,103829.51,103485.29,104544.85
2007-09-14,103849.53,103072.88,105791.14,103849.53,105922.83,106214.26,105926.61,104639.53,105490.26,105455.06
2007-09-21,105407.08,104433.38,109030.9,105407.08,107750.96,108253.4,107835.39,106525.59,108176.01,106634.51
2007-09-28,106521.55,105560.78,111571.5,106521.55,108205.84,108627.05,107917.23,106607.32,108610.2,107119.99
2007-10-05,106887.96,105901.8,113736.21,106887.96,109869.36,110119.17,110305.72,108966.36,110937.86,108306.58
2007-10-12,107403.35,106369.07,114745.34,107403.35,110501.66,110751.81,110756.09,109381.75,111279.52,108431.89
2007-10-19,107724.41,106142.25,111035.94,107724.41,107426.92,107487.01,106699.38,105340.46,106538.77,106579.16
2007-10-26,109525.22,108191.03,114759.31,109525.22,109804.43,109834.35,106728.37,107297.86,109350.46,108228.03
2007-11-02,110435.65,108784.83,114491.55,110435.65,109225.67,109203.17,106827.34,106647.7,107627.92,107465.42
2007-11-09,110114.31,108258.57,110418.77,110114.31,106130.05,106067.81,105677.54,105350.59,103314.26,105293.66
2007-11-16,109056.92,107291.7,109867.87,109056.92,106457.08,106430.02,105723.71,105017.3,103776.89,105696.35
2007-11-23,110624.22,108750.34,109572.83,110624.22,105838.82,105852.97,105861.89,105173.78,102595.3,105409.62
2007-11-30,110200.46,108174.32,112100.14,110200.46,107920.95,107423.6,106027.9,105725.64,105819.84,107667.01
2007-12-07,110598.39,108454.32,112880.4,110598.39,109602.66,108968.62,106182.31,106265.02,107421.45,108219.08
2007-12-14,109480.98,107613.77,108014.17,109480.98,108145.62,107736.5,104952.35,104645.12,104759.24,106272.23
2007-12-21,110478.57,108488.8,108445.03,110478.57,109349.9,108826.06,104896.58,104808.35,106002.24,107328.82
2007-12-28,111747.53,109674.32,109451.48,111747.53,109043.71,108482.48,104182.52,103871.55,105408.29,107262.15
2008-01-04,113092.53,110439.81,106115.0,113092.53,106180.43,105500.13,102522.48,101832.37,101121.77,105338.58
2008-01-11,113618.79,110702.8,104171.34,113618.79,105721.04,104949.51,102382.83,101908.63,100291.7,105090.9
2008-01-18,113557.42,110160.44,99415.45,113557.42,101994.58,101739.51,101787.91,100660.02,94502.47,102054.95
2008-01-25,114714.7,111272.92,98009.72,114714.7,101085.18,101113.36,101758.75,100630.6,95203.73,102775.27
2008-02-01,114433.48,110991.01,100927.96,114433.48,102547.58,102156.99,101925.02,100795.03,99883.81,105684.38
2008-02-08,115178.72,111727.72,100604.31,115178.72,102569.96,101752.67,101277.64,100153.98,95225.25,102576.41
2008-02-15,114594.04,111163.02,99856.38,114594.04,102614.66,101919.11,101300.04,100176.15,96706.55,103209.16
2008-02-22,116179.27,112702.15,99789.58,116179.27,102659.45,102022.05,101213.95,100090.9,97050.02,103400.34
2008-02-29,117831.59,114302.36,101844.4,117831.59,102726.52,102108.77,100676.15,99559.65,95761.94,103436.54
2008-03-07,118112.59,114561.59,101923.15,118112.59,102511.05,101960.84,100321.8,99209.01,92820.8,101562.14
2008-03-14,120120.31,116527.71,103222.93,120120.31,102746.28,102179.3,100553.27,99438.02,92749.25,102045.18
2008-03-21,117436.28,113899.09,104141.81,117436.28,102409.23,101894.96,100109.61,98998.75,94984.7,103870.02
2008-03-28,117948.04,114216.98,103021.04,117948.04,102556.08,102036.11,99653.95,98547.75,94574.8,103147.58
2008-04-04,117938.49,114392.9,102741.05,117938.49,103156.97,102510.94,100425.64,99311.38,98443.81,105550.26
2008-04-11,118630.37,114743.22,102718.63,118630.37,103021.91,102434.78,97978.38,96890.68,95919.64,103897.55
2008-04-18,118106.91,114554.26,100976.26,118106.91,103701.42,102908.37,101151.52,100028.43,99587.25,105579.41
2008-04-25,117187.65,113895.01,100043.95,117187.65,103685.05,102887.44,101407.7,100282.04,100392.69,105725.68
2008-05-02,116542.46,113083.53,99894.98,116542.46,103865.51,102862.36,102922.48,101781.15,101766.24,106507.77
2008-05-09,118024.56,114589.17,100876.01,118024.56,103805.53,103008.26,101210.21,100086.87,99889.27,105724.15
2008-05-16,118758.86,115362.6,100222.05,118758.86,104826.4,103900.44,104041.66,102886.84,102593.31,107171.62
2008-05-23,118937.41,115304.11,100301.1,118937.41,104123.1,103088.75,101148.66,99845.31,98983.2,104905.94
2008-05-30,117506.35,113959.15,98937.24,117506.35,104572.92,103745.93,102133.3,101549.49,100932.03,105574.49
2008-06-06,118194.35,114499.54,100019.99,118194.35,103405.4,102815.53,101147.88,99873.15,98012.32,104190.01
2008-06-13,117780.72,113610.77,97735.54,117780.72,103478.38,103007.42,100936.74,99916.91,97911.64,103151.7
2008-06-20,118155.89,113920.49,98493.79,118155.89,102407.39,102277.36,100569.32,99456.29,95098.44,101702.98
2008-06-27,118879.37,114834.0,99998.74,118879.37,100819.85,101667.23,100320.94,99367.58,92171.34,100501.01
2008-07-04,118792.55,114956.02,100068.85,118792.55,100150.97,101338.31,100323.6,99118.23,91289.59,99977.46
2008-07-11,119295.49,115682.0,100353.13,119295.49,99966.04,101256.41,100349.26,98849.64,89504.42,98917.45
2008-07-18,117229.68,113548.86,99513.23,117229.68,99122.46,100437.74,100610.94,99107.12,91051.09,99597.42
2008-07-25,116036.74,112390.98,99513.23,116036.74,98640.4,100138.08,100657.05,99152.49,90689.73,99359.8
2008-08-01,116108.86,112369.43,100834.6,116108.86,98826.15,100176.39,100389.44,98889.41,91181.2,100214.33
2008-08-08,114131.38,110495.13,101176.54,114131.38,98869.29,100076.56,101572.14,100054.53,93501.2,101874.63
2008-08-15,113214.76,109885.35,101848.73,113214.76,98912.44,100200.36,102099.42,100574.37,94079.38,102524.5
2008-08-22,114446.06,110707.65,101735.24,114446.06,98977.09,100187.67,100556.93,99055.46,93703.56,102232.02
2008-08-29,114464.09,110663.43,102315.93,114464.09,98933.98,99895.01,99277.39,97794.79,93081.99,102057.75
2008-09-05,113289.68,110129.53,103407.7,113289.68,98593.55,99567.45,97510.13,96004.74,89923.64,100432.1
2008-09-12,112811.12,109537.99,102927.99,112811.12,98935.64,99895.0,97367.04,96221.2,91130.57,101028.55
2008-09-19,113261.07,109154.78,102447.79,113261.07,98836.64,99341.06,96702.42,95029.11,90226.01,100242.45
2008-09-26,113056.08,109149.27,102118.16,113056.08,98663.08,99149.98,96956.4,94879.44,87848.98,98552.21
2008-10-03,110879.28,108494.32,103855.3,110879.28,98109.75,98278.02,96962.58,94885.49,80209.0,94096.84
2008-10-10,108612.86,107051.58,101057.82,108612.86,97129.15,96890.7,97068.05,94988.7,64332.94,82114.75
2008-10-17,106833.55,105827.91,101365.12,106833.55,96928.95,96571.62,96625.2,94555.33,67756.73,84588.26
2008-10-24,105751.63,105967.79,103017.09,105751.63,96597.77,96566.17,96751.71,94679.14,63271.66,82121.88
2008-10-31,106533.36,105605.95,101297.23,106533.36,97029.16,96705.62,96793.94,94720.46,70388.25,86373.97
2008-11-07,107119.76,106183.4,102529.7,107119.76,97354.98,96940.34,96998.71,94920.84,68229.24,85208.08
2008-11-14,107475.94,106483.99,103910.85,107475.94,97354.98,96940.34,96998.71,94920.84,62966.31,81802.83
2008-11-21,109236.8,108202.16,107420.93,109236.8,97312.58,96898.11,96956.45,94879.49,57805.14,79201.6
2008-11-28,109782.33,108724.02,109111.63,109782.33,97100.69,96687.13,96745.34,94672.9,65488.75,85442.8
2008-12-05,110948.02,109899.92,110847.83,110948.02,97261.8,96847.55,96905.86,94829.98,63918.6,84874.49
2008-12-12,111406.7,110363.93,112244.46,111406.7,97240.67,96826.51,96685.36,94614.37,64689.15,85918.33
2008-12-19,113288.68,112224.64,115430.31,113288.68,97219.42,96805.35,96779.36,94706.22,64628.0,86850.54
2008-12-26,113271.84,112213.18,115569.54,113271.84,97346.62,96932.02,96655.6,94585.25,63873.16,86291.91
2009-01-02,112198.8,111096.5,113076.31,112198.8,97151.49,96737.71,97985.03,95884.99,68123.6,88911.46
2009-01-09,111448.9,110696.75,113656.27,111448.9,97278.72,96864.4,94400.44,92379.76,65287.55,86829.51
2009-01-16,111514.2,110881.85,113934.72,111514.2,97342.34,96927.75,91206.17,89486.65,62334.27,84561.47
2009-01-23,111451.04,110267.42,112034.65,111451.04,97342.34,96927.75,91219.33,89499.52,60905.25,82838.03
2009-01-30,111182.3,109808.43,110273.38,111182.3,97321.14,96906.64,91040.34,89323.6,60700.04,82132.64
2009-02-06,110425.44,109149.69,109245.33,110425.44,97168.41,96754.57,91756.61,90025.76,63741.27,84340.58
2009-02-13,111242.71,109838.73,110419.88,111242.71,97338.14,96923.57,90299.03,88595.24,60648.75,82157.4
2009-02-20,112512.6,110968.93,111151.99,112512.6,97359.34,96944.68,88926.21,87303.09,56735.46,79171.83
2009-02-27,111025.91,109519.74,109467.03,111025.91,97316.9,96902.42,88887.44,87162.45,54177.9,76580.17
2009-03-06,111572.31,110053.68,110618.17,111572.31,97352.99,96938.36,88920.41,87194.77,50506.46,73801.61
2009-03-13,111162.9,109653.47,110874.1,111162.9,97289.33,96874.97,88862.26,87137.76,55760.83,78375.04
2009-03-20,112128.62,110607.44,113402.33,112128.62,97331.74,96917.2,88538.49,86819.94,56617.53,79810.19
2009-03-27,111619.25,110099.64,112400.64,111619.25,97374.21,96959.49,89083.16,87354.71,60234.07,82631.28
2009-04-03,110703.67,109190.29,111330.66,110703.67,97327.52,96912.99,92284.35,90495.28,62189.97,83909.88
2009-04-10,110355.11,108845.21,111248.68,110355.11,97285.06,96870.71,93868.84,92049.96,63333.97,84845.11
2009-04-17,110051.62,108541.86,111236.78,110051.62,97263.85,96849.6,95534.59,93683.48,64271.35,85627.26
2009-04-24,110696.8,109187.49,110851.95,110696.8,97391.2,96976.4,95206.3,93363.02,63961.35,85256.82
2009-05-01,109570.3,108059.3,109635.95,109570.3,97385.28,96982.86,96642.21,94771.47,64869.16,85649.0
2009-05-08,109934.9,108185.2,108979.13,109934.9,97370.0,96846.54,101849.5,99878.57,68625.95,88426.76
2009-05-15,110404.03,108869.22,110174.38,110404.03,96407.13,96386.51,96541.66,94628.29,65474.41,86298.26
2009-05-22,110578.92,108851.27,107889.78,110578.92,96699.41,96532.91,97052.5,95247.25,65703.14,85764.83
2009-05-29,110938.78,109309.81,107714.07,110938.78,97665.71,97260.99,100288.21,98906.76,68293.82,87766.97
2009-06-05,109972.44,108389.76,104683.77,109972.44,98551.0,97925.1,102686.79,101706.54,69784.71,87943.87
2009-06-12,110126.89,108583.28,105236.43,110126.89,98774.87,98072.15,102931.58,102208.95,70175.91,88426.47
2009-06-19,109611.52,107809.73,105213.04,109611.52,97544.63,96624.07,100347.69,99498.08,68315.89,86996.58
2009-06-26,109677.33,107791.35,107175.76,109677.33,97329.72,96463.65,99735.23,98730.43,68167.44,87535.05
2009-07-03,108808.67,106628.56,107402.38,108808.67,94943.42,94505.16,99184.92,97241.39,66660.7,86451.59
2009-07-10,107796.81,105057.93,109170.05,107796.81,93073.84,92812.9,98715.48,96200.35,65287.56,85981.92
2009-07-17,110187.9,107306.75,106589.03,110187.9,99526.67,98313.84,99600.72,97409.43,69867.17,88643.37
2009-07-24,111880.75,109137.35,106718.42,111880.75,103813.41,102088.54,102954.74,101074.11,72784.2,90924.62
2009-07-31,112369.81,109844.5,108002.86,112369.81,104560.51,102737.77,103877.72,101673.38,73340.85,91776.14
2009-08-07,115129.33,111566.89,105253.67,114181.35,106972.81,104780.96,106349.98,103517.8,75114.82,92175.05
2009-08-14,113802.64,110593.67,107523.37,113455.13,106430.87,104259.05,105744.92,103650.19,74810.48,92731.18
2009-08-21,114979.5,111957.43,107464.07,114096.91,108792.03,106570.17,107865.4,104400.75,76428.61,93918.06
2009-08-28,115705.67,112640.16,108504.48,114527.69,109126.49,106894.3,108283.66,104336.79,76732.91,94504.06
2009-09-04,114168.24,111168.85,108654.17,113645.98,107797.02,105589.73,107102.14,103958.58,75753.11,93824.37
2009-09-11,116767.75,113707.86,109625.87,115393.2,110710.18,108439.63,109993.56,104629.25,77764.6,95656.77
2009-09-18,119237.87,116119.17,108630.24,117075.74,113538.24,111208.4,112550.79,105335.39,79589.3,96667.34
2009-09-25,116408.2,113397.16,109815.66,115163.92,111099.71,108831.67,110238.18,104833.97,77896.41,95820.52
2009-10-02,115511.83,112493.8,106932.81,114449.13,108936.46,106713.37,107818.6,104258.32,76434.65,95081.26
2009-10-09,119222.87,116011.96,112003.49,117158.81,113810.3,111482.59,108676.61,105590.75,79992.03,97336.0
2009-10-16,120485.33,117226.32,113902.59,118084.98,115494.23,113129.25,109127.28,106337.34,81207.64,98227.88
2009-10-23,120984.82,117728.68,114023.51,118435.59,114609.06,112265.51,108826.61,105976.54,80603.56,97539.54
2009-10-30,117989.02,114834.9,108226.03,116273.33,109786.75,107546.78,108188.05,105272.55,77232.65,95353.45
2009-11-06,119918.8,116641.46,111680.5,117666.48,113469.88,111152.13,108314.61,105581.06,79895.07,97151.34
2009-11-13,122314.14,118931.66,114447.77,119369.9,115952.39,113583.5,109114.89,106217.42,81752.02,98721.38
2009-11-20,122796.73,119395.33,112346.84,119717.13,115704.6,113342.62,108745.35,105687.26,81610.35,98851.45
2009-11-27,122929.74,119528.28,112084.29,119819.5,115606.16,113242.03,108549.05,105520.27,81714.76,99377.33
2009-12-04,124229.88,121095.14,115033.86,120773.12,117597.49,115197.93,109734.12,106375.91,82788.69,99451.86
2009-12-11,122027.8,119098.06,112589.25,119200.96,118105.62,115696.83,110317.47,106788.17,82863.26,99346.05
2009-12-18,122270.83,119237.93,111336.77,119372.87,118108.23,115697.59,110284.4,106922.49,82634.55,99206.01
2009-12-25,123344.68,120695.11,113833.17,120139.7,120648.93,118188.1,111787.86,108140.23,84336.58,99711.0
2010-01-01,122667.27,120004.73,113242.12,119670.44,119360.0,116927.8,110769.26,107343.89,83556.8,99025.57
2010-01-08,124875.94,122208.23,117257.28,121256.11,122409.78,119917.14,113218.62,109464.19,85903.64,100859.63
2010-01-15,123893.0,121282.75,116849.81,120511.34,121573.02,119094.83,112599.8,108666.53,85206.39,100854.44
2010-01-22,120237.57,117726.85,110368.76,117720.57,117159.98,114773.44,109540.32,105713.37,81884.74,98750.07
2010-01-29,118627.69,116140.75,107536.08,116502.8,115284.59,112930.27,109759.48,105688.3,80520.12,97822.65
2010-02-05,118102.88,115378.92,105496.94,115818.8,114409.74,112067.22,109759.48,105688.3,79972.79,97603.22
2010-02-12,118609.37,116032.65,106047.36,116315.49,115897.34,113521.2,109759.48,105688.3,81007.51,98041.52
2010-02-19,120634.62,118227.27,108473.04,118301.58,119411.17,116965.02,109775.79,105704.12,83331.84,99490.52
2010-02-26,120838.16,118397.66,107820.87,118501.18,118947.66,116510.18,109994.08,105914.14,83031.95,99764.26
2010-03-05,123143.98,120591.8,112631.99,120377.5,122912.13,120398.15,112943.09,108755.71,85663.71,101564.84
2010-03-12,123416.21,120904.94,114018.3,120595.13,124093.25,121555.86,114035.88,109596.65,86570.97,102173.92
2010-03-19,123844.54,121333.61,113427.11,120937.55,124987.95,122434.36,114862.5,110520.83,87311.44,102751.29
2010-03-26,123776.03,121130.52,113712.74,120892.34,125517.86,122944.01,115366.6,110402.85,87770.7,102679.83
2010-04-02,125346.45,122499.49,116688.96,122159.17,126898.93,124297.91,116469.0,110971.18,88689.19,103331.43
2010-04-09,127082.85,124147.84,117055.52,123609.58,128682.66,126050.98,118138.21,111304.38,90006.74,104257.33
2010-04-16,125952.45,123172.22,116179.16,122660.55,128771.63,126143.92,118284.95,111157.83,89863.65,104556.3
2010-04-23,127956.3,125117.56,115649.26,124342.89,131712.49,129015.78,120694.82,111943.99,91708.22,105683.64
2010-04-30,127017.69,124310.18,111471.18,123554.88,128675.98,126053.61,118403.02,111542.03,89449.58,104633.28
2010-05-07,122633.7,119965.12,104013.73,119565.73,120438.77,117976.35,116053.92,110524.34,83765.35,101340.81
2010-05-14,124114.6,121832.5,106459.25,120904.58,123805.04,121320.4,115765.68,110261.65,85745.42,102735.43
2010-05-21,120711.07,119407.97,102014.59,117827.52,118363.72,116415.4,115864.16,110355.51,82146.69,100915.02
2010-05-28,121911.05,120019.14,102256.3,118912.39,118942.89,116902.45,115864.16,110355.51,82342.4,100893.92
2010-06-04,120439.79,119062.01,99884.56,117512.83,117134.18,114942.9,115889.43,110379.57,80422.59,99832.29
2010-06-11,122149.4,120481.46,102545.32,119180.89,117897.25,115890.72,115889.43,110379.57,82575.84,101346.36
2010-06-18,123469.21,121500.44,104946.89,120468.63,118924.52,116888.68,115901.03,110390.59,84519.42,102843.52
2010-06-25,122684.04,121035.12,101338.73,119702.54,117378.16,115127.95,115074.12,109602.99,81599.48,101077.69
2010-07-02,120514.03,119250.06,96038.66,117585.27,115316.13,112721.79,115074.12,109602.99,77310.35,98328.42
2010-07-09,120982.31,119900.66,101422.75,118042.17,115291.01,114462.7,115049.05,109579.12,81667.56,101416.13
2010-07-16,120978.27,119857.61,100207.7,118038.23,115316.13,114019.03,114733.34,109279.47,80684.18,101165.54
2010-07-23,121718.29,120651.95,103713.03,118760.26,115316.13,115614.22,115515.35,110023.15,83520.9,103166.64
2010-07-30,122261.46,121179.53,103582.03,119290.23,115291.01,115478.36,114847.43,109387.29,83414.98,103422.04
2010-08-06,123242.01,121956.0,105563.58,120150.64,115275.49,116108.7,116599.06,111055.77,85018.66,105005.88
2010-08-13,121736.33,121233.77,101750.06,118872.65,112962.12,113562.45,112537.97,107348.4,81932.35,103244.16
2010-08-20,122263.43,121871.18,101020.92,119322.34,112817.8,113346.86,111997.41,106698.36,81342.29,102908.41
2010-08-27,122499.59,122127.12,100394.55,119520.54,112651.04,113334.82,112062.22,106850.49,80835.48,102433.84
2010-09-03,123543.99,123331.45,104161.68,120417.01,112651.23,114334.65,112239.03,107018.95,83883.98,104571.1
2010-09-10,122850.29,122698.27,104713.09,119740.88,112574.7,114421.85,112349.06,107123.8,84330.31,104682.7
2010-09-17,123579.75,123401.6,106220.14,120451.88,112492.55,114682.77,113575.37,108293.18,85549.9,105817.71
2010-09-24,124354.53,124805.42,108409.91,121207.04,112700.09,116166.26,116183.07,110779.49,87321.9,107591.05
2010-10-01,124688.9,125435.84,108212.53,121532.95,112242.89,115860.9,116124.74,110835.3,87162.18,107806.56
2010-10-08,127118.7,127646.96,110025.64,123901.25,114037.76,117437.4,118128.33,112604.29,88629.95,109396.68
2010-10-15,127000.14,127528.58,111115.42,123785.68,115482.41,118820.82,119395.76,113481.33,89512.16,109528.4
2010-10-22,127098.43,127633.67,111726.19,123881.49,115876.91,119223.61,119963.93,113988.26,90006.5,109995.06
2010-10-29,127060.22,127593.22,111857.7,123844.25,115988.26,119337.77,120046.94,113875.54,90112.96,109964.35
2010-11-05,130476.01,131036.76,115831.45,127173.58,119167.22,122612.36,124036.12,116954.15,93329.94,112705.2
2010-11-12,126748.17,127292.47,113464.17,123540.1,117157.56,120448.08,121533.46,115523.87,91413.46,110690.76
2010-11-19,125817.76,126364.42,113548.56,122633.23,117483.0,120735.88,120643.43,115671.0,91481.87,110361.01
2010-11-26,125688.58,126248.12,112148.94,122507.33,116894.4,119920.68,120609.65,115353.48,90348.74,109572.13
2010-12-03,128142.98,128700.17,115991.25,124728.51,119877.51,123371.5,121878.08,116112.92,93459.21,111316.79
2010-12-10,127007.37,127571.35,117484.98,123726.97,120860.44,124680.59,122838.74,117081.73,94668.43,111089.79
2010-12-17,126990.3,127451.23,117929.96,123711.87,121637.9,125390.37,123162.94,117432.05,95028.66,111477.92
2010-12-24,128254.78,128773.76,119157.56,124824.57,122505.71,126458.68,123927.42,117951.69,96022.54,112013.29
2010-12-31,130043.35,130320.67,119299.22,126402.0,122407.18,126396.74,123903.44,117933.73,96137.22,112415.29
2011-01-07,128582.94,129079.53,120611.66,124995.47,123512.7,127650.89,124385.01,118382.27,97199.87,113198.37
2011-01-14,130252.1,130771.18,122650.58,126584.23,125533.51,129744.2,125689.48,119013.85,98851.25,114374.83
2011-01-21,129718.36,130195.03,121772.7,126076.2,124529.84,128709.71,125025.83,118970.51,98140.23,113680.45
2011-01-28,129830.62,130347.27,121159.21,126183.05,123861.16,128016.28,124372.72,118386.44,97643.35,113667.39
2011-02-04,131712.95,132121.58,124396.97,127983.6,126990.48,131246.74,125754.72,118881.66,100265.59,114452.62
2011-02-11,132557.68,132971.86,126246.94,128804.38,129051.02,133371.3,126632.02,119331.73,101764.03,115475.88
2011-02-18,133635.92,134040.79,127587.26,129851.78,130376.22,134746.25,127521.07,119577.35,102849.6,116438.59
2011-02-25,133858.2,134268.78,125510.8,130068.61,128385.77,132692.03,126721.62,119042.62,101167.71,115861.73
2011-03-04,134532.38,134945.85,125643.21,130723.58,128797.75,133119.42,126745.43,119229.51,101274.74,115750.04
2011-03-11,132957.02,133359.99,124104.97,129192.82,127310.62,131575.74,125898.73,119317.59,100028.56,115229.59
2011-03-18,132098.72,132506.95,121722.38,128358.82,124744.2,128931.23,124934.14,118510.77,98098.23,114412.3
2011-03-25,133652.9,134077.16,125077.21,129869.0,128371.67,132687.63,124922.2,118499.48,100816.32,115622.37
2011-04-01,135064.05,135513.72,126830.62,131240.2,130391.93,134773.82,126088.41,119604.61,102236.81,116612.74
2011-04-08,136259.72,136710.6,126555.75,132402.01,129907.27,134270.67,125523.36,119068.34,102014.14,115997.29
2011-04-15,136233.37,136679.6,125778.7,132376.41,129483.91,133824.52,125189.92,118985.27,101384.51,116257.62
2011-04-22,137736.6,138188.18,127427.72,133837.07,131169.72,135572.94,125833.56,119608.47,102720.55,117194.75
2011-04-29,140057.66,140506.2,129939.32,136092.43,133941.25,138435.72,128107.17,121607.29,104755.28,119092.44
2011-05-06,135727.34,136158.14,125297.01,131884.7,131861.08,136290.75,126680.71,119833.23,103043.01,118425.66
2011-05-13,135729.81,136162.67,123293.65,131887.11,132051.24,136482.64,127202.06,120025.39,102920.14,118433.32
2011-05-20,136120.95,136606.24,123030.58,132267.17,131680.8,136102.11,126752.15,119394.2,102590.01,118355.76
2011-05-27,137276.17,138036.49,123678.11,133389.69,131403.42,135841.75,125811.98,118753.11,102513.26,118689.02
2011-06-03,136600.56,137599.26,123941.01,132733.21,128396.97,132735.92,124603.74,118017.23,100140.65,117405.38
2011-06-10,134913.41,135890.93,120298.95,131093.82,125559.39,129800.72,124630.88,118042.94,97975.33,116026.15
2011-06-17,134560.97,135535.07,119347.91,130751.35,125788.75,130000.62,124630.88,118042.94,98036.67,116197.22
2011-06-24,133345.92,134312.64,118436.3,129570.7,125825.82,130173.47,124482.86,117902.82,97851.49,116365.18
2011-07-01,135670.01,136658.15,126068.9,131829.0,132346.68,136444.6,125369.08,118742.0,103337.81,118974.95
2011-07-08,137582.08,138819.4,124067.55,133686.94,133174.01,137262.64,125988.85,119328.75,103708.21,119933.63
2011-07-15,137415.31,138722.33,120663.33,133524.89,130935.11,135008.37,123565.88,117006.6,101617.09,118913.32
2011-07-22,139261.75,140591.64,124789.82,135319.05,133298.72,137352.79,125733.76,119136.03,103847.12,120296.81
2011-07-29,137587.32,139166.98,121756.82,133692.02,128676.19,132606.06,122576.54,115286.61,99796.02,118125.33
2011-08-05,132914.4,134480.96,112931.74,129151.4,121441.18,124353.8,121617.48,113674.35,92658.36,113792.27
2011-08-12,134899.7,136083.14,111098.45,131080.5,120342.72,122736.17,121617.48,113674.35,91145.95,114039.41
2011-08-19,135593.83,137856.18,105972.75,131754.97,116559.68,120837.98,121617.48,113674.35,86917.37,111758.16
2011-08-26,136763.82,137952.41,110958.13,132891.84,120734.66,122569.11,121640.11,113695.5,91030.18,114296.21
2011-09-02,140532.09,140245.8,110844.45,136553.42,123513.68,123322.29,121540.17,113602.34,90937.61,114752.81
2011-09-09,140243.81,140025.7,109038.45,136273.31,123083.43,123095.71,121158.63,113246.0,89448.34,113920.08
2011-09-16,139017.66,138802.49,114866.38,135081.87,124258.21,123729.11,121683.75,113736.93,94254.65,116963.42
2011-09-23,137503.96,137246.59,107361.21,133611.03,123176.82,123007.29,118998.71,111226.3,88065.15,113070.95
2011-09-30,136692.04,136561.19,106994.38,132822.09,123372.36,123052.46,118900.05,111134.1,87762.62,112638.42
2011-10-07,135927.21,136194.34,109403.3,132078.92,123150.9,123088.41,118520.13,110992.93,89748.22,113644.48
2011-10-14,135512.33,136043.2,115857.73,131675.78,123302.6,123568.8,119621.4,112197.04,95069.04,117242.37
2011-10-21,134971.49,135432.07,117175.02,131150.26,123576.25,123911.43,121093.66,113812.2,96154.94,118218.25
2011-10-28,135821.97,136256.32,121531.37,131976.65,123615.78,124304.57,125488.99,117924.69,99746.1,120753.43
2011-11-04,137640.68,137801.65,118594.51,133743.88,124753.24,124161.81,122731.59,115369.39,97326.17,119741.73
2011-11-11,137650.09,137838.63,119704.31,133753.02,125674.11,124675.52,123793.74,116479.68,98241.39,120235.26
2011-11-18,137006.54,137383.91,115302.74,133127.69,123390.11,122641.53,119703.02,112327.09,94611.43,117845.64
2011-11-25,135752.57,136478.2,109998.12,131909.22,120597.84,120292.46,117720.41,108049.37,90236.86,114714.64
2011-12-02,137346.48,137696.68,118011.35,133458.01,124808.04,123579.36,117068.09,107450.55,96845.26,119486.47
2011-12-09,136605.57,137043.96,119130.48,132738.07,125470.89,124104.48,117350.92,107710.17,97768.27,120145.07
2011-12-16,136601.36,136857.48,115661.06,132733.98,123958.75,122948.54,114322.18,104929.47,94907.03,118815.11
2011-12-23,135814.7,136304.24,120204.28,131969.59,126301.71,124711.82,116977.52,107366.29,98653.71,121010.83
2011-12-30,136099.55,136639.43,119361.79,132246.38,126093.75,124549.14,116319.06,106762.17,97959.01,121060.32
2012-01-06,135457.95,136459.56,121453.44,131622.94,126650.65,124863.25,117837.68,108155.59,99684.04,122071.37
2012-01-13,136109.35,137187.26,122522.66,132255.9,126975.53,125008.88,118817.88,109077.65,100566.03,123030.9
2012-01-20,135741.08,137129.84,125465.53,131898.06,128112.77,126243.93,121149.38,111144.99,102993.56,124245.76
2012-01-27,136801.11,138638.28,125342.55,132928.07,128144.28,126468.99,121523.82,111471.91,102892.11,124762.35
2012-02-03,137057.54,139091.95,127916.31,133177.25,130728.26,128780.89,124131.15,113824.34,105015.17,126164.24
2012-02-10,136647.81,138544.59,127746.11,132779.11,130393.84,128483.41,123798.07,113484.68,104874.66,126066.72
2012-02-17,136933.0,139000.59,129685.81,133056.23,132312.25,130328.04,125554.44,114308.74,106474.81,127061.29
2012-02-24,137573.26,140050.43,130177.97,133678.36,132716.38,130723.65,125900.13,114463.01,106880.67,127479.63
2012-03-02,136757.52,139091.74,130537.41,132885.72,132726.34,130737.09,125895.15,114342.79,107177.29,127730.47
2012-03-09,136313.46,138689.13,130783.48,132454.23,133176.29,131179.41,125683.98,114407.33,107380.22,127699.59
2012-03-16,136213.62,138547.55,133947.3,132357.21,135981.77,133946.62,127748.39,115868.79,109991.04,128571.97
2012-03-23,135918.03,138138.62,133329.92,132070.0,135303.39,133274.06,127705.69,115054.14,109481.48,128427.95
2012-03-30,136207.56,138379.93,134431.86,132351.33,136401.04,134351.72,128666.81,115626.15,110390.89,129169.57
2012-04-06,135331.13,137407.19,133462.79,131499.71,135432.63,133403.24,128204.36,115331.88,109591.24,128833.27
2012-04-13,135240.85,137343.47,130944.97,131411.99,132817.83,130828.2,126680.48,114502.99,107513.72,128150.9
2012-04-20,136156.46,138301.36,131714.67,132301.67,133814.87,131805.04,126565.34,114715.18,108148.74,128697.56
2012-04-27,137470.96,139560.52,134032.86,133578.96,136286.39,134098.31,127134.66,115016.43,110061.64,130178.21
2012-05-04,135793.43,138233.01,130812.12,131948.93,133098.96,131158.26,124851.73,113012.29,107403.98,128541.82
2012-05-11,135227.44,137909.98,129491.64,131398.95,131961.56,130121.3,124286.02,112709.98,106314.24,128012.47
2012-05-18,132627.17,135614.48,123914.72,128872.31,126570.59,125197.5,124131.81,112498.71,101712.32,125185.83
2012-05-25,133108.32,136330.01,126156.93,129339.84,128735.24,127193.23,124240.66,112597.33,103562.53,126428.48
2012-06-01,132371.84,136385.38,123759.97,128624.2,125094.94,123932.57,124219.5,112578.16,100473.68,125310.03
2012-06-08,132897.89,136967.0,122227.76,129135.36,129340.76,128126.18,124530.4,112859.8,104346.49,127566.09
2012-06-15,133451.65,137539.27,122779.74,129673.45,130624.57,129398.6,124831.12,113113.39,105706.73,128805.39
2012-06-22,132916.45,136985.29,121810.93,129153.4,130298.66,129076.02,123784.91,112351.22,105170.86,128009.13
2012-06-29,134134.75,138220.46,122205.08,130337.2,132573.53,131325.17,123739.21,112389.95,107251.25,129720.08
2012-07-06,134787.92,138890.08,121459.77,130971.88,132194.94,130947.86,123145.73,111851.73,106770.55,129804.12
2012-07-13,135358.56,139478.05,121691.83,131526.36,132281.13,131033.27,122831.89,111566.24,106975.46,130150.25
2012-07-20,135445.38,139567.48,122333.87,131610.72,132524.88,131226.17,122908.96,111635.93,107542.82,130725.64
2012-07-27,135558.25,139690.57,124305.28,131720.4,134379.43,132997.21,122976.9,112108.55,109284.35,131661.59
2012-08-03,135664.35,139801.49,124902.73,131823.49,134689.42,133236.46,122853.08,111910.88,109812.32,131961.14
2012-08-10,135114.83,139285.86,126231.63,131289.53,136093.84,134389.53,123764.72,112791.95,110986.54,132607.24
2012-08-17,134641.6,138998.25,127426.79,130829.7,137436.96,135740.21,124841.41,113718.24,112042.47,132756.04
2012-08-24,135208.89,139612.61,126829.17,131380.93,136673.4,135009.17,124246.04,113242.64,111514.47,132916.56
2012-08-31,135936.3,140373.28,126517.05,132087.74,136398.32,134736.16,124036.02,113077.89,111238.71,133274.03
2012-09-07,137073.72,141262.94,129344.47,133192.97,139276.33,137586.95,125603.35,114950.98,113736.76,134633.24
2012-09-14,138259.56,142249.21,131939.97,134345.23,141797.26,140076.17,127151.84,116506.21,116029.92,135604.32
2012-09-21,137272.52,141262.15,131412.58,133386.14,141265.24,139556.11,126902.13,116608.13,115563.96,135774.48
2012-09-28,136712.91,140724.69,129708.83,132842.37,139581.67,137899.38,125720.42,116103.04,114058.68,135114.53
2012-10-05,136911.11,140913.98,131654.24,133034.96,141515.92,139811.64,126609.46,116676.31,115777.88,135997.58
2012-10-12,136250.66,140246.98,128740.84,132393.2,138533.72,136867.38,125256.6,115797.88,113203.08,134419.56
2012-10-19,135668.42,139635.97,129189.03,131827.45,138992.27,137315.95,125136.23,115775.92,113599.18,134250.92
2012-10-26,134447.98,138382.85,127360.33,130641.56,137158.65,135506.52,124804.49,115211.27,111983.01,133208.52
2012-11-02,134556.56,138232.87,127548.73,130747.07,137269.67,135604.36,124737.63,115149.55,112149.39,133483.33
2012-11-09,134756.31,138643.56,124500.94,130941.16,134183.84,132428.65,124509.68,114812.02,109455.82,132135.79
2012-11-16,133756.42,137572.08,122896.29,129969.59,132627.63,130740.83,124509.68,114812.02,108037.66,131247.27
2012-11-23,135708.55,139387.11,127360.33,131866.44,136602.98,133870.03,124482.48,114786.94,111983.01,133622.6
2012-11-30,135855.68,139505.12,128077.48,132009.41,137695.89,134373.1,124623.2,114916.78,112616.81,134402.67
2012-12-07,135683.65,139565.84,128310.54,131842.25,138181.95,134823.77,124691.97,114979.7,112822.78,134543.19
2012-12-14,135293.34,139245.73,128032.7,131462.99,137897.38,134592.39,123845.43,114198.69,112577.24,134099.58
2012-12-21,135631.56,139557.79,129559.04,131791.64,139371.02,135746.71,125166.25,115417.11,113926.18,134824.52
2012-12-28,135364.85,139252.11,127067.48,131532.48,137062.43,133570.19,122893.61,113185.69,111724.07,133540.9
2013-01-04,136346.07,140139.39,131068.83,132485.92,142401.77,138643.16,124379.95,115783.74,116782.52,136361.21
2013-01-11,136883.94,140799.81,132361.99,133008.55,142955.01,139138.79,124688.5,116155.0,117341.02,136962.86
2013-01-18,137904.41,141818.61,132611.61,134000.14,144442.53,140649.27,125356.54,117052.89,118346.31,137757.29
2013-01-25,138303.39,142283.43,134608.51,134387.82,146154.06,142380.68,126262.21,118059.09,119878.2,138455.17
2013-02-01,139126.47,142916.5,135561.55,135187.6,146928.2,143334.65,127010.75,118576.83,120668.1,138694.22
2013-02-08,138960.87,142836.29,133474.04,135026.69,147503.33,143889.77,127355.14,118792.25,121114.86,139358.48
2013-02-15,138908.96,142224.82,133246.97,134976.25,147894.51,144271.56,127660.33,118735.43,121362.23,139404.63
2013-02-22,138472.04,141614.63,133383.27,134551.7,147694.14,144077.32,127695.41,118869.07,121186.68,139491.72
2013-03-01,137797.02,140945.77,132570.98,133895.79,148138.7,144513.04,127425.91,118986.69,121362.23,140129.34
2013-03-08,138827.41,142084.39,135458.64,134897.0,151319.14,147611.78,128677.43,119533.54,124019.07,141115.17
2013-03-15,139283.49,142621.07,136398.08,135340.17,152419.1,148683.43,129123.54,119551.61,124883.24,142053.6
2013-03-22,138981.1,142261.02,136197.67,135046.34,152239.49,148512.06,129245.78,119553.35,124698.86,142232.74
2013-03-29,139271.62,142578.95,137129.8,135328.64,153536.58,149779.24,130028.75,119640.22,125556.44,143062.44
2013-04-05,139706.31,142927.15,135814.68,135751.02,152073.0,148363.98,129616.75,119306.04,124346.28,142923.58
2013-04-12,141174.85,144394.94,138984.81,137177.98,155654.78,151858.69,131076.32,119811.63,127263.44,144897.13
2013-04-19,140308.71,143564.21,136093.37,136336.37,152538.88,148809.36,130389.56,119178.55,124602.73,143146.98
2013-04-26,141365.09,144712.72,138496.9,137362.84,155084.32,151245.93,130392.16,119366.77,126814.61,144824.95
2013-05-03,142171.23,145593.06,140537.18,138146.16,158046.84,154016.13,131064.12,120249.99,129322.96,146200.84
2013-05-10,142141.04,145622.41,140850.13,138116.83,159797.27,155678.77,131582.42,121071.02,130957.87,146896.54
2013-05-17,142746.12,146324.09,141655.11,138704.77,163037.19,158772.38,133042.78,122166.91,133786.77,148611.7
2013-05-24,141104.0,144761.7,138078.09,137109.14,161254.29,157027.74,132483.97,121691.83,132480.53,147451.38
2013-05-31,138795.85,142772.97,134992.87,134866.34,159399.98,155203.0,131702.22,121478.14,130989.94,145844.36
2013-06-07,138892.76,142945.87,135507.07,134960.51,160612.37,156377.08,131530.73,121707.59,132071.88,146407.32
2013-06-14,138360.41,142415.45,134389.07,134443.23,159177.7,154973.7,131253.33,121230.47,130773.54,145797.2
2013-06-21,136379.51,140226.77,130230.89,132518.41,155892.47,151777.95,131077.79,120531.33,128154.34,142209.7
2013-06-28,137467.54,141014.76,131396.36,133575.64,157620.98,153459.66,130920.94,120279.42,129242.0,143196.45
2013-07-05,138010.93,141567.45,133866.11,134103.64,160033.18,155807.93,131532.95,120842.5,131336.62,143553.78
2013-07-12,139849.45,143272.46,137534.6,135890.11,164910.83,160559.93,133699.82,122836.44,134953.97,146699.4
2013-07-19,140691.2,144046.26,138891.1,136708.03,166423.02,162033.63,134919.81,123955.39,136291.31,148091.73
2013-07-26,140399.39,143714.86,138841.99,136424.48,166373.22,161986.86,134880.6,123919.52,136243.04,147733.84
2013-08-02,140212.37,143533.06,140345.31,136242.76,168243.37,163807.03,136410.97,125326.91,137725.34,148592.2
2013-08-09,140121.38,143404.28,139005.64,136154.34,166556.33,162165.35,135033.99,124061.78,136404.11,147910.95
2013-08-16,138365.32,142107.09,136162.89,134448.0,162917.16,158620.98,132645.26,121351.92,133600.49,144940.15
2013-08-23,138850.95,142309.09,136808.23,134919.88,163822.81,159502.17,132777.68,121334.54,134236.95,145352.55
2013-08-30,137331.37,141058.57,134382.09,133443.32,161036.35,156791.78,132056.04,120454.44,131844.2,143959.54
2013-09-06,138307.37,142010.34,136334.44,134391.69,163197.67,158899.43,132284.17,120664.72,133769.68,144593.71
2013-09-13,139248.98,142970.55,139022.06,135306.64,166508.55,162120.36,132824.02,121158.56,136420.31,146540.54
2013-09-20,139957.92,143689.82,140837.13,135995.51,168711.2,164149.95,133993.52,122349.6,138210.55,148523.37
2013-09-27,139738.78,143466.62,139351.4,135782.57,167372.71,162868.55,132887.37,121430.22,136745.27,148118.97
2013-10-04,139623.28,143353.13,138538.17,135670.34,167136.89,162687.42,132570.35,121384.05,136728.96,148092.32
2013-10-11,139902.67,143639.65,139811.47,135941.82,168590.61,163924.24,132352.1,121110.63,137838.13,148692.84
2013-10-18,140942.78,144705.09,143352.36,136952.49,172520.25,167737.92,135033.47,123771.08,141181.66,151311.31
2013-10-25,141244.82,145126.45,144172.73,137245.97,174147.83,169260.67,135846.02,124729.46,142444.64,152592.21
2013-11-01,140980.46,144733.1,142175.94,136989.1,174041.29,169169.89,135657.21,124716.15,142655.06,152187.52
2013-11-08,140171.06,144323.5,143043.07,136202.61,174735.3,169866.84,135902.72,125082.53,143529.48,152254.39
2013-11-15,141044.23,145086.76,145258.81,137051.06,177419.68,172479.29,137447.97,126746.41,145763.84,154097.81
2013-11-22,140703.04,144974.0,145868.99,136719.54,178021.74,173060.35,137664.39,127147.26,146379.16,154373.39
2013-11-29,140564.22,144960.1,146021.32,136584.64,178410.21,173439.91,137882.72,127521.84,146532.92,154477.94
2013-12-06,140293.68,144715.07,145973.51,136321.77,178302.21,173329.66,137840.31,127350.83,146484.4,153915.61
2013-12-13,139588.36,143986.17,143701.46,135636.41,175349.94,170461.35,136090.63,126038.07,144193.25,152474.04
2013-12-20,140528.62,144960.05,147262.45,136550.05,179783.56,174708.82,136993.08,128094.63,147784.33,154608.95
2013-12-27,141262.14,145720.08,149111.06,137262.81,181838.07,176708.88,137767.64,129316.66,149648.32,155264.73
2014-01-03,140955.86,145401.3,148336.2,136965.2,180728.35,175683.75,137127.35,128767.98,148866.9,154872.26
2014-01-10,141343.61,145805.32,149344.94,137341.97,182036.03,176800.15,137346.21,129118.04,149884.36,156161.71
2014-01-17,141267.01,145726.34,148941.25,137267.54,181693.76,176521.47,137346.13,128943.44,149477.35,156120.97
2014-01-24,140155.29,144578.82,145108.06,136187.3,177597.96,172550.35,136483.82,127373.24,145610.99,154152.6
2014-01-31,139702.19,144111.68,144535.06,135747.02,176986.24,171846.19,136406.9,127173.81,145033.04,154180.47
2014-02-07,140342.82,144774.34,145745.74,136369.51,178008.12,172916.11,136367.99,126912.95,146254.03,154929.22
2014-02-14,141608.22,145856.17,149248.13,137599.09,182113.78,177155.0,137396.33,127872.68,149786.71,157043.32
2014-02-21,141859.46,146032.62,149143.01,137843.22,182473.02,177446.22,137517.48,127932.6,149680.86,157018.09
2014-02-28,143066.52,147150.84,151079.99,139016.1,184506.6,179610.65,139134.33,129474.93,151634.43,158608.34
2014-03-07,142164.73,146673.32,152669.53,138139.85,186117.0,181105.34,140264.89,130660.21,153237.89,158956.3
2014-03-14,142188.68,146805.3,149764.4,138163.11,183067.08,178142.13,137966.91,128267.46,150307.62,157860.05
2014-03-21,141237.43,145833.86,151670.49,137238.79,184911.94,179933.53,139356.26,129577.93,152230.04,158517.93
2014-03-28,141671.79,146224.66,151094.85,137660.86,183921.77,178974.07,138803.95,128706.04,151649.59,158244.34
2014-04-04,141921.72,146731.95,151832.4,137903.71,184806.97,179846.44,138919.49,128839.97,152393.51,158752.61
2014-04-11,141665.99,146583.29,147868.84,137655.23,180249.19,175419.06,137385.8,126885.5,148395.66,156884.04
2014-04-18,142949.52,147574.83,151824.5,138902.42,184971.87,180014.84,138456.94,128165.04,152385.38,158879.45
2014-04-25,143227.21,147891.19,151743.31,139172.24,185042.76,180069.23,138469.96,127950.62,152303.66,159023.31
2014-05-02,144254.95,148927.36,153178.0,140170.88,186362.63,181353.36,138704.68,128348.58,153750.75,160334.84
2014-05-09,144089.95,148679.26,153096.91,140010.56,185967.81,180976.24,138583.38,128310.29,153668.96,160390.32
2014-05-16,145004.16,149636.88,153169.88,140898.88,185950.86,180958.03,138186.02,127970.4,153742.56,160906.56
2014-05-23,145174.64,149814.64,155034.13,141064.54,188128.89,182844.06,139036.98,128948.87,155622.94,162149.97
2014-05-30,145811.39,150290.32,156922.72,141683.26,190488.49,185050.91,140465.85,130290.25,157527.87,163584.24
2014-06-06,146133.48,150640.3,159110.48,141996.23,193317.81,187495.91,142515.8,132175.12,159735.25,164323.49
2014-06-13,145761.79,150355.03,158097.53,141635.07,192029.99,186259.33,141432.85,131396.71,158713.28,163694.1
2014-06-20,146995.47,151614.54,160325.28,142833.82,195137.64,189180.17,143374.11,133004.98,160960.69,165073.16
2014-06-27,147107.13,151728.46,160227.6,142942.31,195149.5,189182.24,143181.58,133259.59,160862.15,165466.83
2014-07-04,146497.72,151246.92,162165.25,142350.16,197113.35,191073.85,144780.08,134217.98,162817.23,166103.89
2014-07-11,146569.85,151232.3,160870.67,142420.25,195185.9,189203.85,143311.79,133536.84,161511.12,166024.46
2014-07-18,146717.22,151529.25,161766.15,142563.45,195897.11,189889.91,143934.07,133489.1,162414.76,166722.66
2014-07-25,146894.29,151669.96,161774.44,142735.51,195571.67,189571.68,144077.26,133186.09,162422.95,166811.16
2014-08-01,144614.78,149582.35,157524.17,140520.53,190510.71,184621.84,142177.37,131979.09,158134.81,164079.39
2014-08-08,145068.21,149979.16,158126.55,140961.12,191203.32,185373.02,141934.66,132037.75,158742.73,164825.64
2014-08-15,146392.14,151346.94,160145.91,142247.56,193523.27,187652.86,141965.64,132066.57,160779.9,166581.14
2014-08-22,146453.16,151371.19,162971.4,142306.86,196559.58,190636.06,142427.43,132495.82,163630.56,168023.41
2014-08-29,147335.86,152231.09,164208.87,143164.57,198079.64,192216.52,143330.81,133336.12,164879.06,169117.14
2014-09-05,146651.6,151584.87,164534.69,142499.69,198432.61,192600.12,143551.53,133541.07,165207.82,168767.77
2014-09-12,143764.02,148920.91,162922.62,139693.85,196143.64,190365.72,142370.81,132442.65,163581.2,167036.46
2014-09-19,143994.25,149350.58,164964.51,139917.57,198177.24,192335.13,143599.94,133584.86,165641.57,168444.43
2014-09-26,143480.04,148858.64,162674.59,139417.92,195296.84,189550.17,142025.03,132137.15,163330.73,167303.87
2014-10-03,143365.79,148748.61,161545.61,139306.9,194517.29,188604.88,141957.36,131845.02,162191.79,167101.67
2014-10-10,143795.14,148955.48,156655.03,139724.09,190403.31,183946.41,141839.73,131510.5,157256.36,164941.64
2014-10-17,144242.58,149308.59,154962.09,140158.86,188917.7,181812.83,141354.47,131045.47,155547.96,164375.71
2014-10-24,145391.29,150276.55,161471.96,141275.05,195395.32,187510.41,141856.36,131512.07,162117.47,168098.62
2014-10-31,146305.05,151077.16,165749.52,142162.94,199905.4,191326.67,143983.53,133483.48,166433.92,170404.23
2014-11-07,146651.99,151386.77,167123.35,142500.06,201431.96,192605.58,145134.75,134422.61,167820.49,171471.71
2014-11-14,146558.97,151263.5,167859.34,142409.68,202046.26,193074.32,145562.03,135123.72,168563.2,171881.9
2014-11-21,147132.92,151863.27,169854.99,142967.37,203882.04,194857.92,146906.91,135950.32,170577.08,173195.92
2014-11-28,148176.73,152941.71,170280.44,143981.64,205865.94,196742.44,147545.59,135906.76,171006.23,174090.95
2014-12-05,147890.87,152643.19,170934.5,143703.87,206378.72,197228.12,147911.34,136397.37,171666.48,173898.34
2014-12-12,148501.11,153288.16,165120.5,144296.83,201317.48,192393.03,144723.78,135993.4,165798.46,171554.04
2014-12-19,149245.8,154055.63,170655.96,145020.43,206467.77,197312.8,144409.17,135854.86,171385.72,174452.58
2014-12-26,149390.48,154204.33,172234.66,145161.02,208964.9,199700.24,145641.26,136568.79,172979.09,174994.25
2015-01-02,149860.02,154689.78,169759.73,145617.27,206008.24,196869.75,144350.81,135647.02,170481.16,174213.26
2015-01-09,151415.49,156301.63,168789.46,147128.69,205301.25,196180.03,143359.02,134879.96,169501.89,174561.87
2015-01-16,152297.94,157209.71,166635.19,147986.17,203681.72,194629.59,142761.48,134072.55,167327.6,173956.7
2015-01-23,153096.67,158034.09,169381.65,148762.28,206681.96,197505.07,142792.66,134101.84,170099.39,175762.03
2015-01-30,153021.26,157937.03,164842.7,148689.01,201766.75,192802.17,142151.63,133501.75,165518.45,173824.62
2015-02-06,151124.48,156189.16,169858.44,146845.93,206255.5,197078.29,142604.46,133927.94,170580.8,175396.62
2015-02-13,150856.56,155960.88,173336.38,146585.59,209221.21,199900.55,144851.05,136036.9,174091.04,177172.08
2015-02-20,150034.59,155459.26,174536.63,145786.9,211027.17,201627.93,145475.45,136623.39,175302.64,177566.51
2015-02-27,150507.33,155859.46,174060.04,146246.25,210872.4,201467.13,145152.66,136321.06,174821.43,177921.93
2015-03-06,147677.76,153004.19,171461.55,143496.79,207816.82,198552.51,143741.36,134884.56,172198.99,175010.41
2015-03-13,148542.97,153959.53,170088.61,144337.5,206964.18,197732.96,143119.69,134404.45,170813.1,174873.82
2015-03-20,152282.03,157437.59,174626.7,147970.71,212336.69,202560.42,143959.11,136229.02,175393.36,178828.99
2015-03-27,150829.52,156018.46,170769.53,146559.32,207788.63,198414.07,142213.13,133678.66,171500.54,176327.24
2015-04-03,151254.09,156448.13,171347.67,146971.87,208551.1,199025.36,142405.81,133936.74,172084.05,176998.99
2015-04-10,151147.31,156155.04,174320.96,146868.11,211436.64,201766.21,143093.58,134737.11,175084.97,178630.2
2015-04-17,151117.98,156086.56,172594.58,146839.61,208961.7,199426.24,142279.21,133747.1,173342.74,178141.58
2015-04-24,151728.22,156705.14,175650.45,147432.58,212694.52,202982.54,143650.49,135414.48,176426.99,179817.75
2015-05-01,149779.25,154681.26,174882.35,145538.79,210698.47,201082.63,142593.89,134267.29,175651.76,178226.56
2015-05-08,149878.34,154785.9,175625.88,145635.07,211552.32,201911.37,142353.67,134296.35,176402.01,178645.05
2015-05-15,150202.12,155097.71,176302.89,145949.68,212753.38,202983.76,142448.52,134481.93,177085.49,179069.23
2015-05-22,149533.29,154378.18,176757.31,145299.79,213376.42,203534.01,142383.74,134606.23,177543.95,178970.79
2015-05-29,149211.16,153772.27,175229.26,144986.78,211898.62,202136.55,141535.81,133668.58,176001.89,178533.41
2015-06-05,148242.13,152104.79,174098.06,144045.18,210479.68,201101.31,141029.25,133147.58,174859.87,176257.91
2015-06-12,148481.22,152436.13,174296.25,144277.51,210789.19,201427.16,140978.34,133128.33,175059.93,176493.52
2015-06-19,148837.48,152783.42,175803.45,144623.67,212624.82,203065.8,141177.35,133339.94,176581.61,178216.2
2015-06-26,148658.84,152761.69,174981.99,144450.09,211806.05,202565.57,140959.16,133203.59,175752.36,176599.07
2015-07-03,147927.55,151994.6,172899.34,143739.51,209419.38,200388.05,139907.97,132097.66,173649.79,175819.65
2015-07-10,148026.41,151909.18,173040.26,143835.57,209536.72,200724.87,139638.57,132187.77,173792.24,175885.8
2015-07-17,148880.53,152744.53,177189.34,144665.51,213563.01,204657.41,140291.72,133291.34,177980.44,178708.42
2015-07-24,147967.97,151964.94,173471.95,143778.78,210515.22,201773.2,138459.33,131184.04,174227.82,176931.48
2015-07-31,148512.83,152480.55,175546.36,144308.22,212033.99,203335.75,138845.51,132029.66,176321.89,178632.49
2015-08-07,148187.86,152160.72,173430.19,143992.45,209846.63,201352.37,138701.99,131418.51,174185.87,177437.2
2015-08-14,148084.41,152070.58,174649.8,143891.93,210353.17,201891.0,138782.56,131475.42,175417.23,178071.6
2015-08-21,145888.4,149882.47,165032.97,141758.09,201489.68,194056.49,137730.52,129031.43,165709.08,173103.67
2015-08-28,145994.84,148755.42,166236.31,141861.51,203088.5,192461.31,137516.38,128061.01,166923.63,173096.01
2015-09-04,144602.76,147748.04,160684.73,140508.85,198407.78,188939.41,137486.26,128032.96,161319.86,170060.85
2015-09-11,144602.76,148078.42,164129.88,140508.85,198782.24,190689.49,137486.26,128032.96,164796.06,172004.13
2015-09-18,144571.2,148069.48,163902.32,140478.18,198792.87,191076.18,137456.25,128005.01,164566.62,172249.01
2015-09-25,144571.2,148011.05,161732.75,140478.18,198621.8,190898.69,137456.25,128005.01,162377.5,170664.02
2015-10-02,144655.78,148212.81,161538.68,140560.37,198558.41,191094.17,137469.97,128017.8,164187.77,172837.11
2015-10-09,144463.04,148056.56,160247.4,140373.08,198515.07,191395.3,138172.62,128672.43,169517.55,175667.06
2015-10-16,144575.39,148062.47,161123.0,140482.26,198515.07,191585.59,138901.35,129351.31,171151.02,177077.49
2015-10-23,144470.66,147810.39,160306.82,140380.49,198515.07,192280.38,141610.22,131874.91,174720.99,178993.8
2015-10-30,144355.9,147501.02,159623.88,140268.98,198471.61,192098.56,141256.73,131593.35,175074.62,178926.49
2015-11-06,143724.59,146458.83,160435.39,139655.54,198724.98,191915.19,143070.63,132852.83,176851.28,179027.54
2015-11-13,142613.11,145863.77,154735.04,138575.53,194434.1,188868.63,138707.51,128189.66,170536.35,175449.93
2015-11-20,144020.4,146805.61,159880.57,139942.98,198839.54,192248.54,139542.66,131755.23,176236.64,179040.66
2015-11-27,144336.63,147006.23,160070.74,140250.26,198761.77,192183.33,139946.25,132154.5,176447.13,179444.86
2015-12-04,144031.57,146814.27,160116.3,139953.83,199413.44,192636.67,139709.76,131765.3,176497.6,179187.89
2015-12-11,143133.0,146090.0,154233.57,139080.7,194553.39,188566.39,138643.69,127982.69,169980.62,176006.76
2015-12-18,143333.27,146364.51,153724.65,139275.29,193952.55,188104.01,138329.7,127661.34,169416.83,175311.31
2015-12-25,144207.16,146813.71,158052.1,140124.45,197341.98,190687.68,139227.69,128692.24,174210.84,178038.02
2016-01-01,144018.45,146531.62,156668.06,139941.08,196356.87,189977.81,138143.54,127686.87,172677.77,176845.08
2016-01-08,142296.41,146090.63,147530.32,138267.8,190836.3,185062.38,136664.55,126132.11,162556.07,171635.95
2016-01-15,141367.52,146044.4,144387.31,137365.2,189172.62,184032.62,136718.01,126352.25,159074.96,170033.73
2016-01-22,141860.29,146208.61,146459.63,137844.02,190950.39,185118.84,136823.15,126449.47,161370.32,171377.13
2016-01-29,142380.85,146823.62,148907.04,138349.85,192959.95,186236.26,137314.64,126903.93,164080.77,173877.44
2016-02-05,142308.16,147036.41,149120.63,138279.21,192634.44,186283.61,137403.65,126986.48,159193.61,171283.33
2016-02-12,142037.35,147594.86,150242.67,138016.06,192381.42,186002.19,137205.99,126803.6,158075.52,171099.35
2016-02-19,142789.14,147757.16,150121.14,138746.57,192885.04,186456.78,137648.04,127212.25,162623.9,173939.84
2016-02-26,143074.16,147697.14,149985.83,139023.53,192918.05,186491.3,137532.64,127105.2,165241.1,175543.63
2016-03-04,143689.07,147984.76,148478.77,139621.02,193576.75,187130.26,140433.78,129788.36,169764.12,177722.96
2016-03-11,143506.29,147592.58,147503.68,139443.42,194027.43,187727.53,142083.43,131313.37,171737.62,178524.69
2016-03-18,144495.59,148596.2,148776.36,140404.71,194465.48,188931.38,144183.26,133213.67,174002.59,180567.87
2016-03-25,143653.05,147739.41,148573.52,139586.02,194494.1,188737.37,143199.02,132322.91,172929.86,179787.9
2016-04-01,145155.76,149278.93,151868.9,141046.19,196340.23,190765.74,145868.74,134435.7,176165.09,182531.06
2016-04-08,145402.01,149557.46,150101.66,141285.47,194477.83,189083.52,144315.87,133459.78,174104.77,181723.82
2016-04-15,145608.58,149772.52,152496.97,141486.2,196046.19,190508.34,146612.57,135286.77,176897.26,183264.85
2016-04-22,144578.02,148707.63,153366.24,140484.8,194955.92,189935.3,147267.15,136191.42,177910.41,183141.5
2016-04-29,145617.92,149666.25,151438.28,141495.27,193910.98,188595.62,145914.84,134790.35,175662.72,182125.07
2016-05-06,146163.34,150575.9,150992.82,142025.25,193068.35,188080.14,144688.7,134146.19,175143.43,182184.77
2016-05-13,146409.03,150379.59,150291.37,142263.98,192153.15,187286.02,144440.85,133631.23,174326.1,181996.43
2016-05-20,145231.52,149019.05,150824.7,141119.81,192414.55,187393.64,143798.36,133273.35,174947.64,181544.42
2016-05-27,145588.05,149357.8,154293.88,141466.24,196204.86,190562.77,144447.55,134056.3,178991.61,184035.65
2016-06-03,147683.16,151283.3,154323.11,143502.04,196759.7,190939.15,144925.59,134372.41,179025.68,185025.37
2016-06-10,148538.41,152169.37,154169.55,144333.07,196854.9,191127.27,145186.23,134466.18,178846.85,185289.26
2016-06-17,148729.83,152485.67,152361.28,144519.07,194843.66,189387.89,143547.57,133048.16,176738.89,184164.79
2016-06-24,147912.51,151601.95,149953.37,143724.89,191991.51,186654.73,142697.87,131940.5,173931.89,182754.66
2016-07-01,152480.29,156077.3,154857.6,148163.35,198355.01,192714.57,143591.15,132596.89,179648.57,186992.15
2016-07-08,153053.86,156597.66,156861.57,148720.68,200824.81,195074.75,145165.73,133870.88,181984.85,188922.0
2016-07-15,151745.07,155460.12,159196.14,147448.95,203619.84,197668.87,146413.47,135429.98,184706.36,189383.84
2016-07-22,151798.65,155516.9,160231.42,147501.01,204775.76,198783.91,147420.3,136017.98,185913.02,190270.56
2016-07-29,152605.92,156532.73,160143.31,148285.43,204505.84,198505.46,147317.76,135626.69,185810.32,190833.18
2016-08-05,151336.71,155203.39,160921.03,147052.15,205215.4,199201.74,147921.91,136381.56,186717.43,190696.86
2016-08-12,152430.81,156305.36,161126.52,148115.27,205813.6,199775.72,148018.91,136575.11,186957.05,191183.06
2016-08-19,152669.85,156527.58,161185.25,148347.55,206127.07,200070.61,148374.31,136916.17,187025.53,190872.94
2016-08-26,151472.1,155303.82,160267.92,147183.7,204592.6,198571.46,147876.52,136095.32,185955.83,189936.91
2016-09-02,151763.74,155628.57,161060.84,147467.09,205676.0,199623.72,148525.02,136707.37,186880.05,190642.48
2016-09-09,149951.18,153753.03,157325.36,145705.85,201038.8,195121.52,146439.66,134780.48,182524.08,187631.7
2016-09-16,148850.87,152630.95,158182.22,144636.68,202293.99,196338.05,145727.38,135063.53,183523.47,188305.59
2016-09-23,151684.16,155544.83,160114.9,147389.77,205062.83,199024.38,145754.67,135753.87,185776.98,190055.26
2016-09-30,151702.39,155552.64,160343.57,147407.47,205237.38,199198.0,145309.45,135426.61,186043.64,190389.32
2016-10-07,148729.33,152526.34,159414.19,144518.59,203800.07,197805.68,145153.21,135080.88,184959.87,188981.55
2016-10-14,148040.28,151765.36,157997.85,143849.04,202004.0,196010.85,144513.17,134145.05,183308.47,187674.03
2016-10-21,149137.54,152744.04,158632.18,144915.24,202810.18,196740.23,144722.72,134482.96,184048.17,188489.38
2016-10-28,147381.95,151064.94,157570.18,143209.35,201565.36,195635.82,144682.17,134310.86,182809.56,187204.03
2016-11-04,146516.53,149914.5,154627.36,142368.44,198045.57,192439.14,144490.47,133790.79,179377.7,185573.52
2016-11-11,145762.26,148532.95,160431.53,141635.52,204932.48,199603.89,145822.77,134670.27,186146.82,187409.14
2016-11-18,145727.71,148655.19,161966.26,141601.95,207392.42,201909.61,146844.65,135303.65,187935.86,187508.82
2016-11-25,146275.96,149613.35,164193.78,142134.68,210679.12,204753.74,148093.25,135726.45,190533.39,188910.92
2016-12-02,146601.65,150185.21,162836.6,142451.14,209072.11,203495.6,147285.54,135262.62,188950.76,187938.24
2016-12-09,147268.91,151241.16,167874.64,143099.52,214612.68,208965.19,150630.93,136117.6,194825.45,191005.74
2016-12-16,147286.29,151149.33,167768.54,143116.4,213811.89,208231.6,150060.39,136311.92,194701.94,190249.26
2016-12-23,147215.18,151103.13,168265.64,143047.3,214460.39,208872.77,150566.28,136477.03,195281.61,190942.57
2016-12-30,147410.1,151321.23,166648.15,143236.71,212574.06,207040.1,149035.47,135996.83,193395.46,190440.9
2017-01-06,148170.44,152167.03,169378.5,143975.52,215208.23,209541.04,151252.99,137084.55,196579.38,192523.52
2017-01-13,148430.12,152368.03,169259.8,144227.85,215144.56,209501.0,151100.89,137052.37,196440.93,192661.57
2017-01-20,148302.41,152257.48,169029.9,144103.75,214769.34,209019.27,150896.3,137179.32,196172.78,192086.8
2017-01-27,148544.36,152297.15,170683.83,144338.86,216878.73,211001.02,152434.83,137479.45,198102.09,193148.45
2017-02-03,148855.5,152707.96,170958.36,144641.19,216827.94,210857.33,152699.26,137834.03,198422.22,193516.58
2017-02-10,149262.42,153237.93,172568.16,145036.58,218767.94,212655.53,154199.05,138300.5,200299.63,194926.79
2017-02-17,149379.17,153348.87,175223.97,145150.03,221304.92,215238.86,156627.87,138942.76,203397.07,196713.86
2017-02-24,149367.98,153555.21,176447.72,145139.16,222582.68,216566.65,157909.63,139482.78,204824.63,198206.18
2017-03-03,149403.06,153603.23,177694.09,145173.24,223878.74,217960.3,158846.03,139489.79,206278.12,198047.8
2017-03-10,147472.06,151683.94,177152.75,143296.92,222538.72,216660.89,158240.09,139489.79,205646.55,197237.19
2017-03-17,148549.09,152653.91,177428.16,144343.45,223392.91,217464.76,158393.98,139520.4,205967.64,197989.91
2017-03-24,148135.11,152205.48,175067.2,143941.19,220506.37,214758.03,157080.22,139125.94,203213.12,196969.93
2017-03-31,148925.24,152707.53,176467.21,144708.96,222216.56,216257.52,157023.81,139071.89,204846.73,197994.76
2017-04-07,148922.54,152678.05,176065.08,144706.33,221581.96,215656.56,156949.4,139095.53,204377.47,197856.9
2017-04-14,148899.19,152556.57,174061.78,144683.64,219595.66,213656.85,156345.2,138718.82,202040.0,197499.3
2017-04-21,148359.61,152319.84,175611.15,144159.34,221850.78,215769.03,156931.15,138770.03,203847.42,198525.39
2017-04-28,149064.24,152651.33,178210.67,144844.02,225044.23,218886.32,157596.43,138772.58,206880.04,200052.04
2017-05-05,149207.25,152600.34,179417.03,144982.98,226203.55,219987.47,157892.88,138974.19,208287.79,200529.02
2017-05-12,149014.26,152211.31,178880.95,144795.45,225518.06,219316.8,157345.45,138441.3,207662.12,200317.25
2017-05-19,149715.17,152904.43,178382.17,145476.52,224862.07,218678.8,155820.48,137600.85,207079.97,200627.92
2017-05-26,150235.87,153364.94,180914.86,145982.47,228386.81,222102.57,156228.47,137947.19,210034.4,202301.9
2017-06-02,151102.91,154164.4,182746.77,146824.97,230956.92,224602.54,156418.64,138268.3,212171.97,204092.47
2017-06-09,150519.13,153602.21,182181.16,146257.72,230178.77,223829.1,156464.27,138423.78,211511.62,203476.07
2017-06-16,150472.15,153776.46,182489.13,146212.06,230482.93,224127.57,156602.38,138433.16,211870.7,204024.4
2017-06-23,150486.65,153941.03,182855.86,146226.15,230979.07,224611.44,156216.29,138445.73,212298.56,204339.86
2017-06-30,149914.3,152821.77,181860.63,145670.01,229569.06,223225.75,156377.78,138775.07,211137.2,202767.32
2017-07-07,148600.34,151421.16,181706.59,144393.25,229839.05,223501.33,156612.43,138996.35,211407.9,202404.76
2017-07-14,149900.33,152881.72,185833.49,145656.44,232499.67,226079.17,156776.93,139307.13,214420.4,204618.83
2017-07-21,150801.85,154036.07,186474.64,146532.43,233913.17,227444.99,157197.0,139746.18,215572.98,205847.11
2017-07-28,150623.84,153986.09,187144.0,146359.46,233799.7,227340.26,157123.12,139679.46,215599.17,205617.69
2017-08-04,150977.42,154370.78,189012.6,146703.03,234337.54,227867.55,157120.81,139726.2,216035.83,206081.7
2017-08-11,150685.07,154045.41,184803.16,146418.96,231784.68,225386.71,156073.16,138533.87,213163.02,204919.25
2017-08-18,150607.05,153963.48,185472.06,146343.15,230715.31,224344.46,156014.16,138312.81,211931.8,204231.13
2017-08-25,151612.32,154994.51,187033.48,147319.96,232184.85,225714.5,156218.03,138542.72,213547.21,205339.7
2017-09-01,152674.17,156080.85,187703.03,148351.75,235135.3,228465.08,156609.37,139209.64,216411.24,207062.81
2017-09-08,153772.13,157210.12,189152.47,149418.62,233975.18,227392.08,156719.6,139163.78,215311.08,207106.6
2017-09-15,153421.14,156916.65,190686.01,149077.56,237064.97,230283.54,157832.99,140345.51,218669.94,208306.55
2017-09-22,152394.36,155922.29,191606.37,148079.85,236801.69,229965.73,158019.68,140351.78,218889.33,207895.05
2017-09-29,152116.28,155589.52,191857.52,147809.65,238459.63,231566.06,159156.55,141194.7,220460.1,208436.43
2017-10-06,152080.15,155410.25,191717.95,147774.54,241297.43,234279.54,160275.53,141895.65,223215.48,209809.38
2017-10-13,154403.2,157780.2,194896.47,150031.82,241842.37,234729.39,160109.04,141923.9,223724.44,210678.24
2017-10-20,153363.74,156718.16,194255.48,149021.79,243685.4,236581.02,160986.77,142269.36,225619.88,211110.31
2017-10-27,153183.3,156530.04,193809.67,148846.46,244013.02,237022.2,161305.17,142967.46,226146.38,211259.95
2017-11-03,154615.92,157995.11,195538.11,150238.52,244649.73,237627.07,161209.25,142924.87,226795.79,212167.52
2017-11-10,154866.12,158247.08,194088.79,150481.64,244040.98,237142.17,160786.6,143126.84,226479.88,211558.84
2017-11-17,155336.19,158722.13,193057.51,150938.4,243840.28,237006.81,161015.4,143371.38,226278.03,211725.35
2017-11-24,156234.09,159644.08,197043.64,151810.88,246067.65,239159.49,161675.3,143610.26,228471.83,213035.33
2017-12-01,155895.17,159354.49,195622.37,151481.55,250004.02,243199.77,162839.97,144679.73,232069.71,214904.48
2017-12-08,154840.28,158270.58,195650.57,150456.53,250553.86,243721.42,162534.68,144463.44,232991.06,215399.44
2017-12-15,155612.42,159062.64,196013.01,151206.81,252520.63,245626.0,163260.89,144597.98,235064.09,216720.48
2017-12-22,155694.77,158774.06,198476.2,151286.83,253376.24,246446.52,164292.92,145066.38,235946.02,216465.2
2017-12-29,157428.79,160142.69,199039.45,152971.75,252842.22,245908.42,164218.09,145065.98,235372.7,216578.66
2018-01-05,158352.76,160951.21,204786.44,153869.56,258740.04,251429.27,166583.31,145675.54,241158.71,219424.75
2018-01-12,158875.82,161494.72,208026.26,154377.82,263531.63,256032.61,168769.21,146209.12,245127.76,221134.41
2018-01-19,158837.15,161482.98,209801.06,154340.24,265437.77,257874.85,169341.37,146333.2,247323.89,221702.56
2018-01-26,160873.52,163277.57,212956.43,156318.96,270424.63,262701.92,171362.95,146470.72,252765.94,224684.72
2018-02-02,158123.51,160245.57,205351.72,153646.8,260561.79,253144.26,168018.47,146023.58,242949.16,218175.05
2018-02-09,154374.26,156061.99,194200.17,150003.7,248000.15,241048.89,167650.63,145393.76,230645.15,211576.31
2018-02-16,157342.36,159088.1,202169.97,152887.78,257780.82,250303.11,167687.27,145425.54,240885.25,216887.65
2018-02-23,157521.18,159279.13,201944.92,153061.53,259002.8,251682.08,168084.19,145770.89,242296.48,217747.63
2018-03-02,156057.84,157781.32,196538.07,151639.62,253956.18,247131.09,165425.5,143465.04,237330.82,215157.32
2018-03-09,157377.75,159115.62,200369.21,152922.16,261354.61,254592.84,167545.77,145306.96,245965.62,219712.51
2018-03-16,156794.08,158526.63,199496.15,152355.02,258785.96,251988.43,166237.84,144173.26,242815.27,218385.45
2018-03-23,155654.07,157374.13,192369.67,151247.28,247052.1,240486.2,162918.31,140212.3,228513.83,210909.88
2018-03-30,156356.93,158086.19,197271.52,151930.24,250472.66,243915.76,163562.53,141124.05,233030.02,213773.93
2018-04-06,155768.15,157492.46,196482.96,151358.13,248033.47,241301.26,163556.85,141119.0,229992.59,212023.35
2018-04-13,157621.01,159364.16,200398.72,153158.53,252610.9,245992.36,163723.72,141262.06,234801.09,214389.73
2018-04-20,157929.05,159673.11,201131.46,153457.85,254851.12,248207.63,163353.98,140945.12,236094.0,214264.22
2018-04-27,157743.57,159484.02,200906.53,153277.63,254080.15,247535.56,162539.28,140245.12,236049.71,214256.4
2018-05-04,157805.96,159549.6,200794.16,153338.24,254115.27,247667.85,162245.3,139991.48,235571.58,214186.32
2018-05-11,158969.9,160724.93,203160.49,154469.23,259338.37,253007.37,163799.13,141327.0,241619.79,217301.61
2018-05-18,158622.9,160377.05,201921.43,154132.06,259061.94,252854.9,163615.4,140966.27,240273.75,216011.24
2018-05-25,158349.17,160079.82,198795.06,153866.07,258852.5,252743.73,163601.49,141452.7,240999.93,217373.88
2018-06-01,158273.51,159939.62,198612.87,153792.56,260333.48,254109.63,163858.9,141672.35,242283.99,218264.07
2018-06-08,158881.01,160503.17,201928.62,154382.86,263246.37,257524.94,165810.32,143351.03,246348.64,220276.2
2018-06-15,158053.94,159592.08,202062.07,153579.21,263262.0,257403.38,166257.8,143575.92,246511.85,220467.11
2018-06-22,158604.6,159842.75,200328.29,154114.27,261599.82,255521.75,165110.87,142758.18,244386.0,219555.72
2018-06-29,158871.01,159975.15,197818.37,154373.14,259241.65,252842.33,163105.79,142076.89,241308.22,218231.62
2018-07-06,159571.32,160657.4,200822.5,155053.62,262590.09,255908.57,163699.03,142873.79,244990.88,220486.94
2018-07-13,159153.94,160323.28,203848.26,154648.07,265003.13,258958.44,163766.53,143922.14,248700.15,222505.76
2018-07-20,158386.75,159535.0,203913.96,153902.6,264410.42,258463.12,163532.39,143573.38,248780.17,222218.11
2018-07-27,158563.03,159676.51,205176.72,154073.88,264941.32,259055.81,164467.55,144460.48,250327.88,222678.29
2018-08-03,158943.03,160397.51,206758.46,154443.12,266297.79,260336.43,164385.83,145112.78,252267.07,223850.88
2018-08-10,157960.01,159833.08,206439.73,153487.93,265708.36,260053.38,163728.36,144580.08,251875.69,224213.56
2018-08-17,158344.14,160385.8,207818.27,153861.19,267668.58,261743.67,164847.35,145729.81,253565.78,225228.54
2018-08-24,159228.47,161004.68,209596.04,154720.48,269754.6,263762.71,164934.33,146239.23,255745.11,226732.88
2018-08-31,159879.78,161505.18,211627.59,155353.35,271811.77,265763.02,165245.42,147020.88,258235.77,227814.29
2018-09-07,158508.71,160491.02,209662.31,154021.1,269809.95,263791.12,165232.14,146406.73,255825.18,226097.56
2018-09-14,158720.11,160751.96,212041.59,154226.52,272670.5,266595.79,165764.93,147387.32,258742.74,227294.96
2018-09-21,158821.71,160924.49,213805.92,154325.24,274765.65,268638.75,166807.06,148423.29,260905.87,227977.33
2018-09-28,159170.21,161083.04,212880.91,154663.88,273189.59,267124.71,166081.64,147940.64,259771.05,227527.94
2018-10-05,158568.55,160525.35,210768.48,154079.25,270651.64,264778.8,166351.59,147357.34,257179.81,225048.97
2018-10-12,156485.81,158405.34,202120.01,152055.47,261168.41,254562.0,163545.46,145433.3,246573.4,220004.17
2018-10-19,157008.45,158767.34,202338.96,152563.31,261584.14,254801.79,164010.11,145835.47,246841.49,219981.88
2018-10-26,155589.82,157378.22,194383.04,151184.85,252833.32,247621.5,163740.13,145596.85,237083.96,215798.32
2018-11-02,155769.88,157340.98,199163.19,151359.81,256876.56,251411.45,164051.8,145874.98,242945.67,218021.94
2018-11-09,156566.65,158005.63,203442.1,152134.02,259841.94,255663.73,164936.4,146660.62,248190.75,221025.69
2018-11-16,156664.19,157603.72,200505.2,152228.81,258931.04,252957.5,164040.34,145865.27,244589.85,219926.6
2018-11-23,156479.03,156720.78,192867.06,152048.89,256664.08,249017.56,163209.62,145187.19,235225.43,215022.24
2018-11-30,157102.91,157628.13,201905.29,152655.1,260462.16,253500.13,164001.65,146214.21,246305.37,221408.78
2018-12-07,156108.89,157344.71,193102.94,151689.23,256838.69,250191.52,162670.66,144677.19,235511.38,216748.7
2018-12-14,155432.57,156909.11,190844.25,151032.05,256121.03,250240.92,162436.84,144560.77,232741.37,215036.18
2018-12-21,152758.59,155723.95,177461.69,148433.78,249572.55,246063.13,161664.7,143877.91,216331.99,207019.13
2018-12-28,153488.2,155899.11,182629.82,149142.73,251067.02,246205.66,161149.2,143422.44,222668.26,210933.45
2019-01-04,153345.46,156153.49,181307.99,149004.03,250668.52,246325.8,161219.68,143485.17,226838.56,213879.39
2019-01-11,153179.63,156127.63,180910.9,148842.9,250925.17,246710.99,161322.55,143576.62,232761.34,217077.63
2019-01-18,152678.39,155680.9,179632.65,148355.85,250990.33,246884.95,163422.27,145443.6,239484.01,220321.18
2019-01-25,153294.53,156481.55,180324.08,148954.54,251136.55,246861.47,163358.8,145386.98,238872.93,220294.92
2019-02-01,153675.55,157348.9,181169.09,149324.78,251365.84,247697.37,165282.63,147098.92,242719.62,222867.14
2019-02-08,154343.82,157975.2,182052.69,149974.12,251972.94,248315.05,165682.02,147455.72,243088.15,223506.33
2019-02-15,154621.22,158280.41,181758.66,150243.67,254155.94,249943.47,170260.15,151527.7,249289.59,226781.97
2019-02-22,154747.83,158444.81,182036.26,150366.7,255041.53,250812.65,171376.9,152235.21,250880.42,227796.3
2019-03-01,153096.32,156787.5,180698.72,148761.94,254920.77,250803.08,172023.03,152823.41,252030.8,227714.11
2019-03-08,153633.95,157473.95,176877.74,149284.35,251229.45,247560.55,167909.53,150122.83,246674.13,225836.39
2019-03-15,154901.99,158796.04,182064.5,150516.49,256180.06,252162.71,169908.35,153732.84,253944.34,230087.61
2019-03-22,155888.9,159662.78,180738.31,151475.46,255802.69,251498.01,170295.55,153277.32,252084.78,230177.19
2019-03-29,156513.95,160388.54,182818.75,152082.81,258283.6,254001.25,171041.54,154462.22,255000.52,232048.8
2019-04-05,156937.45,160893.6,186741.05,152494.33,261426.28,257148.64,172470.81,155934.24,260498.03,234399.85
2019-04-12,156824.87,160769.66,187765.43,152384.94,261953.41,257909.54,173194.5,156122.49,261933.42,234776.27
2019-04-19,156033.39,159961.63,187675.66,151615.86,262063.45,257922.01,173271.21,156384.14,261807.03,234751.46
2019-04-26,157033.35,160890.46,189859.07,152587.51,264023.34,259872.26,173992.62,156786.78,264867.24,236932.67
2019-05-03,157341.77,161144.22,190258.86,152887.2,264906.48,260844.93,174114.19,156943.6,265426.92,237043.73
2019-05-10,156617.49,160332.07,186441.47,152183.43,260350.52,256293.4,172150.29,155840.23,260073.78,234751.01
2019-05-17,156733.06,160526.43,184986.77,152295.72,258419.72,254363.57,172274.21,154977.36,258033.68,234206.31
2019-05-24,157147.32,160925.41,183017.15,152698.26,256231.0,252345.69,172386.79,155139.66,255271.32,233301.68
2019-05-31,157257.56,160997.49,178182.37,152805.38,250551.59,247081.39,171707.14,154404.17,248491.85,231053.91
2019-06-07,158592.33,163656.82,186156.21,154102.35,255268.59,254762.46,172027.12,155103.24,259667.56,237748.47
2019-06-14,158777.2,163809.41,187193.82,154281.99,256477.02,256089.25,172083.6,155312.79,261121.06,238636.34
2019-06-21,159954.31,165818.18,191167.84,155425.77,258488.75,259563.86,174500.47,157632.11,266690.64,241932.41
2019-06-28,160026.31,165923.98,190521.07,155495.74,257513.44,258584.19,174072.7,156930.16,265783.58,241833.81
2019-07-05,160358.71,166707.21,194054.47,155818.73,259989.31,262054.0,176212.73,159094.08,270736.29,244359.48
2019-07-12,160120.94,166459.94,195471.94,155587.68,261630.9,263806.22,177733.17,160431.4,272723.02,244959.59
2019-07-19,159773.46,166105.51,193220.99,155250.05,259441.25,261621.72,176118.3,159264.7,269566.31,243750.55
2019-07-26,160149.6,166494.46,196352.43,155615.54,262483.52,264698.66,177926.34,160636.85,273956.69,245976.01
2019-08-02,160771.25,167154.33,190278.02,156219.58,255650.43,257805.57,174021.96,157497.46,265438.78,243042.4
2019-08-09,162551.43,169014.03,189631.36,157949.37,254909.73,257026.45,172923.62,155145.53,264531.78,243421.86
2019-08-16,163797.59,170246.61,187839.8,159160.24,253102.12,254928.02,173142.05,155341.88,262019.05,243374.17
2019-08-23,163517.24,169944.66,185252.25,158887.83,250317.01,252798.86,173055.07,155263.83,258390.68,241555.1
2019-08-30,165137.43,171540.05,190169.46,160462.16,256338.96,258073.79,173643.4,155791.63,265284.64,245503.49
2019-09-06,165849.1,172119.94,193792.68,161153.67,259774.12,261448.34,174119.32,156218.86,270364.44,247993.14
2019-09-13,163808.43,169830.53,195759.77,159170.78,261865.63,263362.5,175334.49,157308.57,273122.11,247036.94
2019-09-20,165638.09,171693.39,194833.39,160948.64,260753.11,262048.66,174603.82,156651.92,271822.6,247602.15
2019-09-27,165199.34,171131.79,192962.02,160522.31,259638.13,260372.01,173043.47,155390.66,269198.12,246467.22
2019-10-04,166019.04,171876.79,192279.94,161318.8,258607.26,259256.88,171191.3,152327.36,268241.2,247386.93
2019-10-11,164941.26,170882.37,193534.76,160271.53,259842.42,260437.04,170786.41,152152.3,270000.03,246659.43
2019-10-18,165656.25,171585.75,194633.36,160966.28,261215.72,261620.64,170418.1,151847.35,271540.1,247546.01
2019-10-25,166103.41,172051.49,196992.97,161400.78,263955.19,264201.35,172063.2,153243.7,274848.14,249028.08
2019-11-01,167508.32,173512.69,199944.06,162765.92,267461.72,267502.0,174235.89,155189.42,278985.5,251919.47
2019-11-08,164836.44,170831.08,201764.21,160169.68,268798.19,268823.44,175676.27,156725.41,281537.14,251610.49
2019-11-15,166249.33,172283.44,203616.64,161542.57,270956.29,270979.83,176715.79,157684.49,284134.34,253862.6
2019-11-22,166190.07,172233.52,203077.48,161484.99,270409.98,270437.73,175952.3,157264.91,283377.91,253909.15
2019-11-29,166995.19,172948.68,205255.12,162267.32,273332.96,273354.87,177595.54,157788.75,286430.8,255458.55
2019-12-06,166729.55,172806.59,205619.28,162009.2,273681.15,273703.61,176068.08,157575.9,286941.09,255338.07
2019-12-13,167015.22,173178.29,207211.35,162286.78,275629.99,275655.8,176421.32,157908.74,289173.81,256705.02
2019-12-20,167622.74,173953.32,210452.15,162877.1,279569.15,279594.13,178178.11,159427.89,293718.34,258465.16
2019-12-27,168755.24,175397.43,211843.05,163977.53,280878.24,280934.42,178327.31,159665.29,295668.93,259884.52
2020-01-03,170012.58,176579.48,211549.78,165199.28,280384.83,280518.84,177939.96,159897.61,295256.85,260403.12
2020-01-10,169893.84,176465.06,213704.42,165083.9,282134.39,282403.34,178176.29,159868.93,298278.88,261788.67
2020-01-17,171039.72,177657.55,217778.47,166197.34,287262.89,287530.85,179678.13,160396.44,303993.33,264846.87
2020-01-24,170887.45,177486.68,215702.61,166049.38,284197.15,284484.91,178942.44,159771.23,301081.15,264384.33
2020-01-31,169726.67,176256.39,211106.75,164921.47,278432.49,279030.37,178257.83,159403.16,294634.1,262491.65
2020-02-07,170651.78,177294.12,217942.64,165820.38,285784.37,286524.44,177890.03,159122.0,304222.34,267005.83
2020-02-14,172392.21,179145.38,221468.29,167511.54,290108.09,290896.58,179148.83,159761.15,309167.52,269678.23
2020-02-21,173466.24,180340.08,218778.9,168555.16,287257.45,287999.55,178610.47,159332.32,305394.57,268547.29
2020-02-28,166242.69,173142.18,194479.74,161536.12,256920.24,257626.49,175773.57,157823.36,271309.24,253169.89
2020-03-06,170403.51,178109.57,195264.0,165579.14,258377.7,260534.03,175979.26,158008.05,272408.07,256597.17
2020-03-13,165647.51,168761.39,176885.33,160957.79,255809.11,243152.2,176113.8,158128.85,246638.11,239545.78
2020-03-20,166387.45,165808.33,151299.05,161676.78,250640.17,224801.56,176190.68,158197.88,210762.73,221035.45
2020-03-27,169897.98,168865.08,167473.59,165087.93,253890.72,227475.08,176113.8,158128.85,233441.81,235310.53
2020-04-03,170343.36,169269.78,163483.07,165520.69,253504.35,227160.06,176079.18,158097.76,228624.1,233590.81
2020-04-10,170666.35,169345.24,162175.56,165834.54,253449.01,228581.65,176040.74,158063.25,256268.37,249804.13
2020-04-17,171181.12,169890.66,163229.62,166334.73,253531.96,228930.05,178272.6,160062.23,264042.98,255179.26
2020-04-24,172343.73,170876.62,163749.87,167464.43,253504.35,228961.86,176769.78,158711.16,260662.32,253403.26
2020-05-01,171413.13,169984.07,163347.15,166560.18,252986.39,228584.91,173214.87,155525.67,260496.46,253131.83
2020-05-08,170899.24,169474.0,163106.85,166060.84,255893.17,230552.85,178452.05,160224.86,269385.67,258147.09
2020-05-15,171919.84,170478.68,163667.65,167052.54,255644.7,230324.48,174530.7,156707.16,263711.33,255200.7
2020-05-22,171626.58,170189.72,163574.15,166767.59,256810.27,231350.45,178032.82,159856.21,272149.3,260045.64
2020-05-29,171307.79,169871.78,163654.33,166457.82,258243.46,232730.93,181229.45,162730.4,280329.14,264849.3
2020-06-05,170308.29,167970.56,171635.9,165486.62,261842.26,234795.62,191583.49,172035.53,294164.97,270907.39
2020-06-12,171053.16,169022.88,163542.88,166210.4,257832.7,230372.75,181801.04,169243.01,280227.87,264413.17
2020-06-19,171762.55,169786.46,166639.03,166899.7,260622.06,233291.32,181097.71,170258.01,285559.83,267566.85
2020-06-26,171961.14,169951.29,162023.82,167092.67,258425.86,230674.37,180773.54,168478.11,277612.08,263434.2
2020-07-03,172762.98,170856.23,168567.88,167871.81,263046.54,235502.27,182206.71,169154.6,288881.29,269690.0
2020-07-10,173958.12,172100.36,171447.62,169033.12,265491.16,237830.14,183531.33,169600.68,293840.42,272625.6
2020-07-17,174517.46,172799.96,173666.57,169576.62,266330.77,238841.07,184614.51,170908.24,297661.63,274895.55
2020-07-24,176209.48,174348.34,173215.15,171220.73,265696.31,238057.42,184302.6,170877.54,296884.4,274732.58
2020-07-31,177933.74,175680.29,176245.42,172896.18,268431.7,240690.85,186116.41,171867.71,302102.61,278069.65
2020-08-07,179462.76,177429.23,180569.11,174381.92,273252.45,245040.61,188103.75,173322.64,309550.68,282036.81
2020-08-14,177747.49,175703.34,181788.13,172715.2,274485.28,246476.94,188070.57,173245.81,311650.92,282192.17
2020-08-21,178326.51,176284.24,183206.04,173277.83,276047.61,247653.71,187828.52,172466.35,314093.48,284165.57
2020-08-28,179019.01,176936.64,189167.38,173950.73,281081.38,252620.63,189863.78,173796.19,324363.43,289148.28
2020-09-04,177122.2,175691.67,184866.83,172107.62,276837.98,248568.95,188272.31,173440.61,316952.46,285336.23
2020-09-11,176654.76,175537.15,180297.66,171653.41,272536.02,244613.24,187809.87,172918.15,309078.78,281636.17
2020-09-18,177519.88,175388.83,179177.49,172494.04,272398.23,244435.78,187565.35,172675.46,307148.38,280307.64
2020-09-25,174874.37,173280.04,178142.6,169923.43,270646.45,242956.06,186965.38,171715.8,305364.97,279714.98
2020-10-02,175229.76,174278.19,180896.66,170268.76,274376.61,246504.51,187348.95,172068.55,310111.65,281927.46
2020-10-09,177855.42,176128.22,187910.7,172820.08,282643.64,254279.4,191527.77,175901.78,322196.95,287850.89
2020-10-16,177248.93,175487.25,188147.98,172230.76,283287.93,254976.59,191776.66,175989.37,322605.62,288296.74
2020-10-23,176559.89,174772.84,187333.91,171561.23,281849.27,254079.31,191230.18,175308.51,321202.96,286723.13
2020-10-30,172081.01,169812.13,176961.17,167209.15,269253.76,241386.38,185074.76,168231.49,303330.56,276725.35
2020-11-06,176929.72,175800.97,189695.16,171920.58,284384.05,255781.65,185360.79,169199.99,325271.6,289165.9
2020-11-13,177838.92,177646.76,193976.01,172804.05,290435.97,262484.93,188138.48,172164.35,332647.41,292707.81
2020-11-20,177923.34,177944.5,192482.52,172886.08,288698.35,260996.39,187499.26,172585.06,330074.1,291785.97
2020-11-27,177982.26,178545.53,196978.85,172943.32,293764.16,266594.4,192167.94,178003.57,337821.35,295984.79
2020-12-04,179380.27,180017.21,200309.8,174301.76,298953.64,270339.79,194696.55,180343.05,343562.14,297991.3
2020-12-11,178755.58,179613.63,198396.53,173694.76,297335.81,268994.44,193611.64,179377.45,340264.46,297084.09
2020-12-18,180463.97,181723.16,200796.68,175354.78,299985.68,271571.47,194582.79,181147.85,344401.55,298780.05
2020-12-25,180266.73,181518.18,200699.29,175163.11,299626.61,271242.14,193989.48,181094.84,344233.67,298889.96
2021-01-01,181320.06,182797.27,203340.44,176186.63,302593.82,273958.76,195637.46,182854.33,348786.16,301423.63
2021-01-08,181934.76,183827.5,207334.08,176783.93,311190.28,281725.79,198365.85,185943.48,355670.95,303271.72
2021-01-15,181351.96,183261.2,204325.44,176217.62,309657.66,280305.59,196433.92,184250.16,350484.07,300800.51
2021-01-22,182483.38,184261.88,208210.64,177317.01,312449.94,282865.3,198104.52,185707.06,357182.07,304396.47
2021-01-29,180388.53,182252.94,201278.81,175281.47,301406.35,272933.07,194264.82,183170.12,345231.86,298275.31
2021-02-05,184847.74,186394.22,210824.44,179614.43,316025.83,286136.79,198748.66,186329.1,361687.91,306034.61
2021-02-12,186946.44,188536.9,213492.17,181653.72,320271.85,289951.13,199484.07,187172.07,366287.08,308368.99
2021-02-19,186886.21,188343.36,212079.83,181595.19,319373.54,289084.33,198773.82,186591.42,363852.12,305846.4
2021-02-26,185453.74,187006.45,206846.99,180203.28,312537.25,282819.44,195905.19,184440.82,354831.23,300398.74
2021-03-05,186616.39,188187.33,208616.64,181333.01,317233.15,287384.69,196875.1,185372.95,357881.76,300666.98
2021-03-12,189408.17,190995.28,214259.83,184045.76,326654.98,296461.88,198616.32,186977.26,367611.76,305013.35
2021-03-19,187965.64,189549.69,212471.98,182644.07,322435.15,292635.67,197956.61,186362.86,364529.21,302565.76
2021-03-26,189242.73,190834.9,216000.39,183884.99,326711.17,296817.71,200303.3,188555.4,370612.77,306213.99
2021-04-02,190044.86,191651.42,218513.61,184664.42,329038.66,299054.38,200869.3,189345.97,374946.17,308223.83
2021-04-09,191045.36,192672.98,224418.37,185636.59,334487.29,303988.79,204299.5,192331.04,385129.16,313525.98
2021-04-16,193651.04,195296.01,227550.15,188168.5,339492.51,308538.28,206923.65,194501.04,390529.6,316931.88
2021-04-23,194341.68,195987.04,227267.85,188839.59,338581.3,307713.39,206695.27,194164.51,390042.8,316930.0
2021-04-30,194851.32,196495.24,227571.8,189334.8,339181.82,308296.93,205508.7,193662.69,390566.95,316624.86
2021-05-07,197072.11,198744.43,230187.24,191492.71,344946.89,313592.44,208235.41,195268.59,395078.09,319467.49
2021-05-14,195523.53,197182.19,227181.13,189987.98,341118.6,310114.16,203986.63,192219.9,389893.05,316570.98
2021-05-21,195413.53,197078.4,226291.41,189881.09,339412.12,308576.17,203705.16,191514.21,388358.17,315892.64
2021-05-28,197284.75,199041.12,229058.67,191699.34,342674.93,311579.88,203531.25,191863.09,393131.41,318421.99
2021-06-04,198947.97,200885.4,230447.78,193315.46,345836.32,314429.73,204906.9,193297.37,395527.49,320087.71
2021-06-11,199901.42,201896.55,231375.46,194241.92,346829.81,315332.5,205518.07,193695.91,397127.87,321803.14
2021-06-18,194974.69,196943.15,227017.01,189454.67,337766.93,307088.72,202872.69,190867.18,389609.97,318081.74
2021-06-25,197601.41,199578.53,233380.78,192007.03,348456.52,316801.42,206253.33,194059.35,400586.85,322673.72
2021-07-02,198477.89,200540.37,237250.81,192858.7,351703.59,319769.19,207319.92,195064.55,407263.1,326952.65
2021-07-09,198823.37,200972.24,238230.58,193194.4,351575.24,319661.46,205991.29,194244.64,408953.32,328511.55
2021-07-16,198032.02,200393.94,235955.34,192425.44,346537.24,315003.92,205376.77,194350.28,405028.26,327233.25
2021-07-23,199243.8,201708.45,240636.31,193602.92,351619.88,319604.0,205978.35,194199.65,413103.72,331427.91
2021-07-30,199870.65,202590.74,239857.93,194212.03,351553.27,319586.09,205658.56,194199.58,411760.91,331330.02
2021-08-06,198498.74,201906.26,242024.23,192878.96,354777.31,322520.36,207014.44,195148.81,415498.11,332451.49
2021-08-13,199654.08,202855.25,243891.0,194001.59,357442.25,324947.55,208515.8,196513.6,418718.95,334241.9
2021-08-20,197535.46,200642.01,242497.72,191942.95,353375.77,321234.08,207955.19,195949.54,416315.06,333409.69
2021-08-27,200725.03,203465.23,246247.44,195042.21,359685.78,326714.33,209302.05,196560.88,422784.85,336112.59
2021-09-03,202548.12,205197.62,247787.38,196813.69,361124.18,328106.55,210100.4,196888.71,425442.1,337292.94
2021-09-10,199946.79,203052.68,243630.1,194286.01,354858.22,322528.99,207587.43,195075.39,418268.14,333668.77
2021-09-17,199282.06,202815.87,242201.05,193640.1,353867.06,321436.42,207169.12,194726.82,415802.43,332114.55
2021-09-24,199028.36,202609.1,243571.29,193393.58,356480.36,323744.56,205616.71,193871.49,418166.89,332343.04
2021-10-01,197687.67,201298.95,238292.87,192090.85,351306.6,319295.23,205060.01,193350.19,409057.64,327992.08
2021-10-08,198510.5,201461.46,240269.41,192890.38,355805.1,323380.87,206271.16,194492.44,412467.75,328301.36
2021-10-15,201635.92,204959.38,244643.15,195927.31,361550.52,328910.12,207235.37,195401.59,420013.23,332120.22
2021-10-22,202914.14,206065.79,248601.7,197169.35,367371.65,334391.99,209169.29,197094.71,426842.67,334700.23
2021-10-29,202958.56,206296.98,251949.1,197212.51,370519.67,337323.93,210901.47,198661.78,432617.29,338242.2
2021-11-05,204707.61,207664.16,257014.7,198912.04,378317.04,344563.81,215551.94,201732.13,441359.15,343735.71
2021-11-12,204196.59,207358.88,256326.89,198415.49,376105.04,342532.25,214128.65,201551.09,440172.17,341888.53
2021-11-19,203419.69,206378.59,257211.21,197660.59,374598.45,341160.37,212906.17,200067.55,441698.26,342887.39
2021-11-26,200595.57,202935.61,251796.11,194916.42,367897.8,335127.71,210682.92,198257.46,432353.51,339116.68
2021-12-03,200720.31,202717.11,248766.63,195037.63,364586.47,331332.74,209641.44,197288.55,427125.44,337930.26
2021-12-10,202493.35,205108.41,258221.07,196760.47,375524.78,342390.47,210588.99,198180.89,443441.02,344386.83
2021-12-17,202345.42,204619.11,253169.49,196616.73,370380.22,336679.91,210162.07,197778.72,434723.35,341210.37
2021-12-24,203671.42,206169.37,259046.87,197905.19,376540.21,342991.75,210763.87,198350.64,444866.6,345157.66
2021-12-31,205024.48,207547.8,261435.26,199219.95,380170.57,346642.75,211988.72,199504.31,448988.07,346714.76
2022-01-07,201765.75,204535.41,256577.54,196053.47,379103.75,345482.0,211961.49,199317.48,440603.19,340128.59
2022-01-14,202392.09,204816.78,255827.21,196662.08,378938.5,345243.6,211990.29,199095.56,439308.08,339336.55
2022-01-21,199671.87,201901.6,241182.2,194018.87,362579.78,330269.33,209622.54,196587.71,414030.3,328038.48
2022-01-28,198848.1,201295.21,243356.35,193218.43,365076.51,332066.2,208889.93,195784.07,417783.24,329383.83
2022-02-04,200467.97,202822.66,247052.8,194792.44,371954.42,337340.13,208889.93,195831.85,424164.08,330819.2
2022-02-11,199860.25,202981.5,242538.68,194201.92,369521.97,334779.53,208715.55,195522.69,416374.69,327092.46
2022-02-18,199205.04,203165.59,239125.8,193565.26,365651.82,332349.65,208354.08,195145.96,410485.32,324423.3
2022-02-25,200342.07,203733.34,241054.09,194670.1,367854.75,333599.19,208256.95,195054.88,413812.93,325558.48
2022-03-04,204787.35,209021.25,237997.28,198989.53,369554.22,335379.38,208329.91,195123.21,408538.02,325706.64
2022-03-11,203782.37,207854.9,231367.2,198012.99,367548.1,332782.67,208148.99,194953.85,397099.69,317427.04
2022-03-18,202507.74,206538.39,245520.75,196774.45,369641.97,333648.78,208669.03,195440.49,421518.11,327331.65
2022-03-25,204739.24,208887.7,250011.25,198942.77,374166.99,337349.48,210022.47,196703.19,429265.34,327554.06
2022-04-01,203554.73,207768.64,250137.93,197791.8,373779.46,337671.11,210671.6,197070.42,429483.41,328482.58
2022-04-08,203867.81,208330.69,247197.83,198096.02,374697.08,339267.51,208510.81,194699.94,424410.37,323070.89
2022-04-15,204908.35,209627.04,241823.53,199107.1,371077.54,337388.77,206478.37,192910.14,415136.38,317945.13
2022-04-22,202787.32,207699.56,235366.87,197046.12,365362.52,333359.82,203907.52,190871.72,403994.38,311975.84
2022-04-29,200227.9,205484.92,227651.63,194559.17,358679.68,329366.28,203020.4,190248.21,390680.79,305962.56
2022-05-06,200724.96,205242.41,227289.0,195042.15,361761.22,332132.42,202787.79,190085.54,390055.03,303735.44
2022-05-13,199377.83,203260.67,222000.15,193733.16,360701.86,330881.18,202810.03,189997.44,380932.81,301275.96
2022-05-20,199849.48,203432.71,215353.32,194191.45,358876.17,329212.52,202832.2,190018.2,369468.42,297371.66
2022-05-27,201064.37,204671.32,229444.45,195371.95,364713.18,334196.5,203034.01,190207.21,393772.23,309447.64
2022-06-03,201778.22,205513.31,227599.02,196065.59,364113.73,333774.71,202784.15,189973.2,389296.43,305288.83
2022-06-10,202122.35,205956.96,223558.32,196399.97,361852.45,331877.34,199999.31,187370.24,369629.57,293866.48
2022-06-17,200606.6,204270.93,222388.32,194927.14,352837.61,324077.19,199591.91,186988.87,348427.09,283274.74
2022-06-24,199691.44,203292.02,224486.0,194037.89,356240.95,325746.58,199613.77,187009.36,371492.93,295243.06
2022-07-01,198822.62,202345.86,229447.04,193193.66,357574.78,326695.59,199685.76,187076.8,363074.15,294038.26
2022-07-08,198070.35,201358.94,225577.12,192462.69,356023.45,325670.65,199867.13,187246.3,370150.18,295511.72
2022-07-15,197022.37,200291.87,228363.41,191444.38,355033.3,324803.05,199820.87,187203.03,366778.8,295292.0
2022-07-22,196908.49,200152.63,231614.62,191333.73,356071.83,325776.36,199364.89,186776.16,376264.2,301585.16
2022-07-29,198205.66,201506.84,233715.47,192594.17,360974.56,330314.69,206144.83,193121.36,392358.97,310515.79
2022-08-05,196959.87,200221.47,230601.57,191383.65,359101.5,328547.78,206015.79,192996.22,393768.42,309485.96
2022-08-12,198361.35,201653.95,230779.15,192745.46,363120.15,331920.3,212506.04,199076.29,406748.97,315766.97
2022-08-19,198292.11,201375.6,228165.58,192678.18,364409.66,332845.49,210979.44,197813.96,402025.28,312127.85
2022-08-26,199086.82,201615.18,227036.32,193450.38,362727.02,330340.66,205464.66,192855.55,385997.31,303888.75
2022-09-02,197773.09,199774.51,224220.67,192173.85,359997.63,326750.03,203868.8,190552.82,373550.03,296463.79
2022-09-09,197884.19,200305.97,222378.79,192281.8,361455.62,330135.96,203418.03,190734.84,387225.87,301977.82
2022-09-16,197392.86,199175.2,220137.61,191804.38,359603.57,325960.0,202249.57,189210.59,368696.69,291979.76
2022-09-23,196520.85,198810.75,216009.95,190957.06,356169.34,322138.43,202360.04,188346.85,351856.97,281777.93
2022-09-30,196484.19,198866.99,214168.23,190921.44,354352.72,320519.99,202448.46,188429.15,341557.97,275902.71
2022-10-07,197108.33,199063.99,212871.43,191527.91,355809.39,322956.31,202330.29,188319.09,346922.61,277821.75
2022-10-14,197194.53,198886.71,210781.09,191611.67,355965.0,322432.95,202101.6,188106.1,341988.28,274347.88
2022-10-21,197302.23,198910.97,208246.14,191716.32,356159.41,324403.16,203558.76,189462.93,357919.69,280750.76
2022-10-28,197366.91,199090.56,212027.67,191779.17,356276.17,325066.21,207049.86,192712.18,372005.37,289533.64
2022-11-04,197556.93,199630.96,209318.03,191963.81,355464.68,325576.55,204969.12,190772.99,359889.52,282377.08
2022-11-11,197664.95,199617.0,214935.75,192068.77,359272.95,327459.32,210356.75,195788.53,381080.32,295357.46
2022-11-18,197794.56,199470.07,215359.97,192194.71,359260.9,327213.23,209582.4,195066.28,378708.79,294482.22
2022-11-25,197902.5,199464.79,217545.07,192299.59,361172.75,329044.51,212714.51,197982.47,384733.21,298494.95
2022-12-02,197801.17,199640.0,221483.36,192201.14,360678.5,329372.46,214340.09,199495.89,389112.96,302719.81
2022-12-09,196666.49,199253.63,219630.69,191098.58,351864.54,323544.52,207834.64,193452.45,376079.08,295645.74
2022-12-16,195682.47,198668.15,221757.41,190142.41,348785.85,321400.43,205312.32,190564.75,368189.88,293165.13
2022-12-23,195994.69,198937.19,217596.23,190445.8,351891.45,324274.12,205872.1,190986.61,367843.97,290696.49
2022-12-30,195950.65,199109.58,215426.26,190403.01,351675.58,324138.73,205726.24,190676.32,367382.83,289278.83
2023-01-06,197519.97,200772.96,221244.75,191927.89,354952.4,326936.82,206444.41,191779.03,372810.6,294999.35
2023-01-13,199489.43,202912.91,222610.87,193841.59,357263.31,329074.35,207658.04,192859.35,382820.64,300475.5
2023-01-20,199869.66,203247.53,223014.42,194211.07,353031.14,325028.61,205420.66,190116.01,380303.7,299499.75
2023-01-27,200229.02,203899.32,222679.69,194560.24,355062.03,327639.01,209837.76,194498.21,389718.07,303779.16
2023-02-03,200000.6,203382.77,222213.23,194389.22,358541.52,328780.66,211684.44,196495.31,396125.71,306514.34
2023-02-10,198328.65,202338.33,218536.09,192987.7,356510.32,327469.09,209903.95,195096.1,391985.22,302563.42
2023-02-17,197737.98,201939.66,217303.93,192513.93,355906.42,326388.0,209444.44,194546.31,391235.95,301538.06
2023-02-24,194368.93,198968.2,214860.25,189676.03,347842.46,319420.59,206079.42,191516.95,380784.02,295303.64
2023-03-03,196143.33,201170.69,214962.54,191356.46,352740.66,324547.23,206103.81,193444.99,388286.71,298850.35
2023-03-10,194288.52,198589.85,219817.3,189546.91,340465.64,312048.58,206261.49,191157.6,370726.0,293348.73
2023-03-17,195871.03,200240.9,224156.07,191090.8,339341.44,311359.87,207172.26,193045.87,376075.3,298233.18
2023-03-24,197016.33,201549.58,225572.87,192208.16,342492.49,314627.46,207705.46,193872.28,381629.79,301601.46
2023-03-31,198987.66,203530.05,223842.65,194131.38,351363.14,321277.57,208779.9,195494.19,394783.09,306773.47
2023-04-07,200854.79,204710.74,227347.26,195952.93,351206.49,320403.48,209274.45,195698.52,394590.28,308613.32
2023-04-14,200254.11,204875.67,223835.84,195366.92,353750.19,322119.73,210260.01,196551.88,397743.55,308148.73
2023-04-21,199854.14,204619.04,223048.98,194976.71,353468.01,322060.33,210142.12,196312.42,397492.81,307597.71
2023-04-28,201107.39,205622.65,225661.5,196199.37,355318.41,323498.65,209824.25,196384.22,401089.76,310713.65
2023-05-05,201124.56,205734.12,225154.63,196216.13,352849.75,321274.3,207536.6,194284.22,397907.53,309486.51
2023-05-12,200504.72,205103.4,222912.05,195611.41,351578.87,320337.48,207412.95,194108.84,396904.6,308745.55
2023-05-19,199357.04,204215.16,224489.75,194491.74,354211.69,322594.42,207833.48,195238.86,403683.79,309590.82
2023-05-26,198299.27,203153.19,219881.64,193459.78,353518.75,322264.58,208389.77,196315.1,405033.79,309341.7
2023-06-02,199615.86,204350.23,221430.3,194744.24,356594.59,326234.18,209579.45,197068.67,412651.99,313621.7
2023-06-09,199903.24,204665.13,221980.36,195024.61,358089.14,327486.46,211081.8,198507.05,414561.36,314022.67
2023-06-16,201585.55,206325.79,227757.23,196665.87,363776.47,333056.83,213647.73,200222.46,425354.41,318917.53
2023-06-23,199954.19,204485.65,220252.77,195074.32,361160.91,330200.28,211323.27,198660.02,419304.97,316415.27
2023-06-30,201086.12,205735.03,225010.4,196178.63,366220.79,335546.68,215034.75,200954.7,429051.81,320283.22
2023-07-07,198781.84,204002.41,222489.13,193930.57,362692.37,332795.37,212913.34,199416.49,424473.63,315861.54
2023-07-14,203133.34,207461.3,227906.47,198175.88,370395.93,339302.15,217030.83,201610.31,434859.18,323092.14
2023-07-21,203626.5,207919.87,229371.28,198657.0,373583.32,341732.34,219939.26,204965.12,437666.11,324229.84
2023-07-28,202811.02,207439.5,231765.0,197861.43,375844.07,343698.16,221123.94,205431.57,442254.01,325195.06
2023-08-04,200070.98,204653.49,226309.33,195188.26,368583.89,338021.15,218010.05,204017.22,432468.47,320436.65
2023-08-11,199710.3,204137.39,226216.85,194836.38,369012.25,338046.94,218931.1,205015.17,431345.73,318685.42
2023-08-18,196634.64,201004.44,219072.74,191835.78,360772.59,330803.47,217077.43,203575.62,422489.38,314057.64
2023-08-25,197899.9,201952.06,220290.8,193070.16,361710.95,331593.76,216885.33,203460.98,425848.01,315661.11
2023-09-01,200739.0,204437.7,224223.25,195839.97,369795.25,338984.6,217509.6,204043.93,436707.88,321173.04
2023-09-08,199907.24,203586.03,220791.6,195028.51,365830.66,335251.9,216533.07,202913.99,431219.86,318107.81
2023-09-15,200930.25,204629.1,223882.06,196026.55,365885.11,335318.42,216523.05,202903.36,430652.66,317283.83
2023-09-22,199353.92,203016.08,219264.72,194488.69,357022.79,327188.2,214196.05,200575.26,418074.1,310841.65
2023-09-29,197373.7,201625.96,216207.61,192556.8,356072.3,326379.92,213971.83,200363.81,415218.41,308419.91
2023-10-06,196065.28,200448.69,214960.6,191280.32,355579.64,325844.47,213491.02,199346.85,417219.26,307571.56
2023-10-13,197375.19,201750.09,214680.76,192558.26,356998.91,327114.44,213144.88,199022.71,419123.04,310001.89
2023-10-20,197151.34,201531.45,208875.79,192339.87,353650.03,323802.64,212290.75,198223.95,409108.79,303149.64
2023-10-27,196470.11,200923.18,206598.26,191675.27,349657.7,320007.22,211878.12,197838.39,398900.26,299430.89
2023-11-03,196895.82,201999.67,218524.35,192090.58,355452.71,326809.37,212058.89,198007.18,422221.58,312260.07
2023-11-10,195523.43,201191.7,216777.2,190751.68,356894.69,328573.91,212863.03,198754.28,427971.8,314217.49
2023-11-17,196208.44,202346.92,225363.62,191419.99,358839.15,331742.73,216661.57,202302.27,437859.78,320454.46
2023-11-24,196692.18,203157.48,227581.07,191891.92,359727.16,333221.27,218431.05,203973.21,442240.36,322057.63
2023-12-01,198718.21,204973.85,228443.22,193868.5,362911.57,336080.59,221392.44,206321.69,445931.43,326441.39
2023-12-08,196910.25,203179.4,228988.97,192104.66,363180.51,336418.1,221893.06,206590.77,446999.89,326785.12
2023-12-15,200203.03,206187.32,234452.77,195317.09,372774.47,344059.3,227783.29,210299.97,457716.25,334719.24
2023-12-22,201792.95,207696.06,236601.62,196868.2,375820.72,346439.17,229089.62,210334.8,461929.35,336846.94
2023-12-29,202314.91,208497.85,237427.87,197377.43,376527.31,347266.5,229714.85,210626.38,463548.33,337836.3
2024-01-05,199898.04,205916.14,233755.48,195053.83,372371.61,343016.14,226868.87,211255.43,456341.2,333196.29
2024-01-12,201352.4,207382.88,238110.96,196453.25,374988.66,345457.38,227224.81,210755.79,464884.41,338195.26
2024-01-19,199382.94,205386.75,240969.96,194566.3,375558.18,346480.36,227202.54,210129.38,470492.08,338843.01
2024-01-26,199773.48,205866.56,243446.4,194944.23,379237.74,349228.89,228160.28,210458.7,475348.88,340996.44
2024-02-02,201312.82,207074.94,246896.57,196420.39,383179.25,353069.34,229444.11,210706.49,482117.13,345082.96
2024-02-09,200688.79,206781.98,250302.01,195811.53,386806.17,356294.68,230293.93,210975.31,488797.65,346469.85
2024-02-16,200181.59,206438.48,249463.55,195316.65,387660.11,356753.33,231312.91,211584.72,487149.44,344689.93
2024-02-23,202116.31,208269.02,253609.51,197204.35,392110.2,360807.1,233375.93,212392.07,495283.12,348651.11
2024-03-01,204018.79,210372.01,256095.26,199060.6,395946.86,364242.64,233972.39,213030.93,500159.38,351618.86
2024-03-08,206439.76,212971.7,255534.87,201422.73,395109.98,363387.32,234544.62,213647.12,499057.3,352388.96
2024-03-15,204720.47,210979.03,255384.24,199745.22,394633.13,362674.25,235070.61,214201.86,498758.91,349911.44
2024-03-22,206088.94,212499.19,261057.43,201080.44,401751.2,369392.16,237847.65,215273.23,509891.84,355875.7
2024-03-29,207845.88,214505.37,261985.77,202794.68,405155.74,373109.23,240189.01,216238.92,511711.5,356881.94
2024-04-05,207601.7,213643.37,259674.89,202556.43,400277.82,368674.4,237887.07,215283.41,507172.16,353109.61
2024-04-12,205370.31,211417.74,255898.51,200379.27,392938.01,361902.59,236244.21,215045.16,499756.77,348753.82
2024-04-19,202831.04,208985.38,248080.76,197901.71,386154.66,355679.42,236159.58,215614.62,484407.48,341480.1
2024-04-26,203940.74,210354.85,254610.37,198984.44,393912.42,362601.6,236443.61,215874.12,497223.04,346451.52
2024-05-03,203273.55,210056.86,256123.07,198333.47,396388.21,364819.5,236857.96,216252.43,500187.23,349590.22
2024-05-10,205411.77,212537.67,260884.63,200419.72,404163.46,371993.34,239489.24,218343.77,509529.86,353581.37
2024-05-17,207674.91,215185.57,265177.76,202627.86,409920.46,377269.12,242660.26,220949.7,517952.89,358043.32
2024-05-24,206289.68,212873.37,265174.39,201276.3,405638.91,373310.97,240259.86,218969.41,517943.05,357693.06
2024-05-31,205874.06,212613.38,264143.27,200870.78,404919.83,372679.37,238306.82,217096.45,515918.08,356720.68
2024-06-07,204969.35,212078.92,267453.93,199988.06,404681.93,372445.42,238446.05,218016.0,522413.96,360073.75
2024-06-14,206579.39,214496.85,271826.1,201558.97,405866.1,373523.88,240678.85,219655.47,530993.47,366177.83
2024-06-21,206788.28,214476.2,273564.86,201762.78,409800.67,377153.58,241512.51,220534.32,534404.41,367205.98
2024-06-28,207076.41,214213.42,273420.99,202043.91,409785.72,377150.86,241227.25,220368.46,534119.73,366007.27
2024-07-05,210642.1,217469.1,278631.49,205522.94,413823.14,380899.35,244004.04,221497.14,544346.4,371469.63
2024-07-12,213261.86,220286.23,281307.19,208079.04,421194.35,387711.76,245018.22,222353.23,549596.97,374866.31
2024-07-19,210836.76,217777.64,275809.8,205712.87,418248.17,385060.74,243331.41,224092.99,538801.25,369858.95
2024-07-26,210402.14,217406.89,273536.79,205288.82,418909.21,385676.43,244486.57,224800.91,534335.68,368706.5
2024-08-02,213225.31,219813.35,267769.55,208043.37,409403.56,377007.9,241974.78,224654.23,523009.82,368621.09
2024-08-09,212266.96,218905.05,267815.57,207108.32,409315.87,376432.33,240679.2,223857.18,523098.1,367068.12
2024-08-16,216191.47,222976.2,278474.93,210937.45,422591.73,387520.52,242078.44,225452.55,544022.44,376364.93
2024-08-23,219286.04,226171.39,282385.32,213956.81,429221.06,393351.24,244085.27,227610.61,551697.37,380662.6
2024-08-30,218646.87,225520.98,283161.52,213333.18,431760.15,395792.0,245318.09,228898.46,553218.64,380170.06
2024-09-06,217625.57,224431.98,271505.61,212336.69,416219.77,382877.85,238293.03,222372.16,530331.35,373156.15
2024-09-13,222242.94,229211.52,282329.64,216841.85,429994.6,395218.67,242422.91,226227.64,551579.59,382767.84
2024-09-20,222562.21,229554.33,286321.87,217153.37,436554.41,400770.89,245675.13,228909.06,559414.29,385294.7
2024-09-27,223558.06,230595.41,287937.53,218125.01,438786.36,402964.46,247314.78,230209.58,562584.26,386560.73
2024-10-04,221242.57,228219.55,288695.93,215865.79,438198.65,403024.76,248149.07,230760.55,564070.73,384596.8
2024-10-11,220705.44,227692.52,292006.2,215341.72,441670.99,406199.12,249556.64,232746.48,570568.28,386309.68
2024-10-18,222597.06,229242.01,294518.92,217187.37,446152.37,409864.3,250852.25,233951.85,575500.3,388467.12
2024-10-25,220323.35,227252.94,291737.79,214968.92,439785.14,403846.52,248097.09,231394.84,570036.54,384559.3
2024-11-01,218106.92,224719.79,287728.59,212806.35,435530.12,399452.22,246227.5,229750.84,562160.96,379824.55
2024-11-08,220633.65,227200.97,301341.29,215271.68,454525.75,418438.65,253127.39,239350.28,588888.94,391545.98
2024-11-15,215986.59,222339.19,295105.55,210737.55,446048.98,411042.9,251467.24,237904.24,576642.34,385146.13
2024-11-22,219349.6,225925.78,299999.91,214018.83,455499.78,420240.67,254089.16,241138.45,586250.53,389504.34
2024-11-29,222157.64,227295.88,303530.19,216758.63,461074.54,424556.55,255558.91,242590.74,593181.03,394889.85
2024-12-06,221723.83,226659.48,306168.36,216335.36,458795.55,422814.09,255539.94,241084.57,598359.25,397588.23
2024-12-13,219245.06,224992.95,304365.45,213916.83,453301.89,418322.9,255608.22,239286.93,594815.23,393538.88
2024-12-20,216213.68,221826.49,298817.99,210959.12,441545.3,408464.09,252888.97,236678.64,583917.09,387899.89
2024-12-27,215884.64,221854.25,300760.54,210638.07,444214.8,410458.71,253110.55,237314.55,587729.81,388533.48
2025-01-03,216638.22,222365.28,299222.57,211373.35,443065.43,409466.68,253248.95,236908.1,584707.2,387780.91
2025-01-10,215396.32,220744.18,293459.81,210161.62,434786.72,402037.74,253470.43,236027.31,573387.36,381557.41
2025-01-17,217960.16,223210.13,302057.06,212663.16,447862.95,414048.1,254206.1,236131.62,590268.33,390167.68
2025-01-24,219753.9,224800.27,307283.87,214413.3,453398.42,418791.26,253949.98,235894.19,600531.15,394297.33
2025-01-31,219825.67,224632.67,304191.62,214483.33,450759.32,415485.34,251569.36,233335.84,594456.47,392792.35
2025-02-07,221499.22,225928.24,303664.7,216116.21,450129.43,414904.32,250645.92,232460.36,593419.24,393077.47
2025-02-14,223746.84,227925.31,308157.55,218309.2,454116.56,418720.75,251479.58,233253.69,602240.03,396901.59
2025-02-21,223981.09,228112.32,303249.88,218537.76,448377.98,413278.02,250687.83,232518.73,592599.44,393705.42
2025-02-28,222692.68,226870.21,300353.77,217280.67,446663.2,411525.9,251303.21,233026.84,586909.95,394131.8
2025-03-07,222260.91,226871.44,291170.84,216859.39,436756.76,401248.09,249478.19,231034.6,568873.35,385782.17
2025-03-14,221427.47,225941.21,284578.05,216046.2,430326.35,394697.8,248259.54,229765.82,555923.75,380728.7
2025-03-21,222567.68,226918.97,286021.13,217158.7,433583.58,397032.05,248624.58,230313.68,558755.18,382765.72
2025-03-28,222384.23,227224.06,281824.97,216979.71,431935.11,396888.03,248591.86,230056.75,550512.24,379570.18
2025-04-04,218826.45,221213.79,256401.74,213508.39,418268.24,382690.62,245169.15,225616.83,500599.04,361748.57
2025-04-11,221413.19,223630.78,270866.12,216032.27,423590.18,387685.83,244590.05,225078.76,528993.52,368624.06
2025-04-18,224235.17,226121.06,267067.2,218785.67,425215.23,388707.14,244882.81,225348.47,521533.25,367407.44
2025-04-25,225481.65,227065.64,279295.92,220001.86,427326.23,390022.49,244706.54,225185.45,545538.91,378194.01
2025-05-02,224378.93,226662.89,287647.79,218925.93,429432.94,391723.06,245823.88,226213.18,561509.47,384494.4
2025-05-09,225261.84,227559.65,287216.71,219787.39,429687.51,391864.01,246856.02,227161.8,559111.91,382939.69
2025-05-16,224359.93,226784.44,291439.71,218907.39,432572.3,395350.09,256349.22,235873.41,588695.37,394600.79
2025-05-23,226382.47,228476.44,294100.63,220880.78,431057.45,392251.96,249973.85,230019.99,573745.01,388080.05
2025-05-30,226348.42,228664.49,296661.14,220847.56,432820.13,395202.01,253281.29,233055.82,583929.82,393584.88
2025-06-06,227295.16,229510.22,302618.4,221771.29,435990.78,397230.74,255592.87,235172.36,593589.58,396232.73
2025-06-13,228505.09,231025.72,301544.08,222951.82,433608.0,395189.98,254447.92,234122.74,591469.33,396677.98
2025-06-20,227470.9,230406.42,301060.99,221942.76,433617.66,395302.04,254312.88,233990.64,590515.15,396809.86
2025-06-27,229143.84,230717.97,311461.73,223575.05,443933.1,403957.5,260308.22,239492.0,611014.41,406419.46
2025-07-04,230965.91,232754.05,313311.39,225276.72,451332.81,409761.55,264840.35,243268.44,621378.4,409990.05
2025-07-11,231114.68,232867.06,311327.39,225422.09,449525.0,408576.35,264288.65,242969.85,619669.28,408555.94
2025-07-18,231144.36,232940.69,309274.12,225468.15,452469.64,410706.43,264726.52,242821.41,623604.15,410263.64
2025-07-25,232049.85,234180.97,317598.4,226278.96,457042.88,414967.98,267542.39,244796.92,633063.82,414621.46
2025-08-01,230527.01,232108.92,302990.97,224889.71,447036.7,405979.0,261046.54,239825.54,617781.27,410672.4
2025-08-08,232498.71,233985.21,310488.54,226813.2,453919.46,412945.92,263447.91,242195.92,633143.37,416254.98
2025-08-15,232818.25,234321.18,313525.25,227124.92,457630.5,416017.02,263519.27,243142.74,639363.67,418466.18
2025-08-22,234333.98,236650.8,314433.16,228603.6,462361.95,419693.03,263815.94,245465.35,641221.81,420137.17
2025-08-29,234838.61,237032.3,314308.41,229095.88,462328.77,418514.62,263704.53,244907.12,640963.44,420691.17
2025-09-05,236861.29,239531.14,315371.72,231069.09,461177.54,418407.29,262475.37,244633.02,643139.64,423188.58
2025-09-12,238985.94,242064.46,320304.18,233141.79,466620.39,423086.76,263617.74,246183.58,653245.15,427530.07
2025-09-19,239156.39,241941.64,324247.7,233308.07,470915.2,426973.3,263848.69,247531.9,661323.71,430109.65
2025-09-26,240490.43,243251.05,323334.62,234609.49,472510.63,428569.92,265278.23,248765.57,659450.51,428653.21
2025-10-03,242565.81,245581.79,326928.14,236634.12,476662.5,431338.85,266866.74,250472.42,666814.09,432358.04
2025-10-10,240694.49,243725.42,319059.45,234808.56,466005.06,422054.34,265199.8,246890.22,650681.98,426964.2
2025-10-17,245643.6,248748.15,324587.35,239636.65,472759.86,428111.37,266406.21,248412.29,662011.22,432246.18
2025-10-24,247133.72,250049.38,330840.12,241090.32,481105.47,435490.19,267208.85,249792.98,674825.22,437430.9
2025-10-31,244419.67,247304.08,333179.33,238442.65,481335.95,435723.53,266334.05,248878.31,679617.94,438162.63
2025-11-07,244173.82,247017.91,333687.02,238202.81,477271.27,431919.36,266144.05,248476.15,668567.6,434180.08
2025-11-14,244788.6,247619.31,337068.27,238802.55,477669.33,432276.37,266738.19,247874.83,669524.24,434093.55
2025-11-21,242859.54,245831.48,327880.04,236920.67,469973.28,425227.88,266680.62,247404.59,656670.47,430501.16
2025-11-28,248192.77,251259.64,336824.02,242123.47,484900.57,438837.44,267673.34,247884.94,680943.23,440431.29
2025-12-05,247324.96,250376.76,339008.36,241276.89,485773.96,439576.3,267886.7,248759.03,683235.0,439980.54
2025-12-12,246967.2,250030.51,341439.23,240927.88,486217.13,439986.67,268317.74,249375.44,679319.12,437952.82
2025-12-19,247497.99,250567.97,343868.98,241445.69,485051.62,438934.91,266847.79,248054.31,680157.18,438934.02
2025-12-26,251518.77,254506.26,347849.02,245368.14,490000.91,443419.03,268509.71,249594.27,689870.92,443070.15
2026-01-02,248633.02,251635.5,349534.85,242552.97,487516.36,441209.02,266633.43,247854.87,682735.47,439645.79
2026-01-09,252904.56,255873.76,355879.4,246720.05,496804.45,449589.5,271775.46,252678.82,693628.57,444254.98
2026-01-16,255130.75,257799.75,358461.2,248891.8,497949.65,450594.6,272735.2,253722.7,691220.06,442647.15
2026-01-23,259244.63,262127.45,360039.12,252905.07,497016.3,449810.87,272579.45,253902.0,688791.64,441746.08
2026-01-30,258688.88,261581.19,362799.88,252362.92,497358.71,450198.21,273028.7,253636.72,691529.89,442785.12
2026-02-06,260511.43,263487.34,369502.02,254140.9,503641.49,455630.38,275811.13,253835.71,690180.81,443078.11
2026-02-13,263320.93,266334.21,375344.22,256881.69,503616.0,455628.21,278126.24,254919.47,681316.43,441773.79
2026-02-20,265521.13,268544.83,377710.21,259028.09,506383.8,458054.64,278228.14,255579.01,688991.49,444505.23
2026-02-27,268814.69,271841.62,379431.38,262241.11,507505.69,458874.14,280089.62,255348.57,685553.69,444845.42
2026-03-06,266085.67,269178.36,353992.33,259578.82,495452.19,448287.04,276272.51,252292.78,671952.35,437279.71
2026-03-13,263856.01,266974.72,346899.35,257403.69,490035.1,443742.68,277119.89,251968.49,661868.79,431782.78
2026-03-20,256870.35,259883.36,337190.52,250588.86,481092.31,436670.03,276852.66,252133.72,649927.58,425832.41
2026-03-27,255951.69,259521.08,337944.19,249692.66,479738.65,437593.24,279127.82,252298.96,635417.37,419658.55
2026-04-03,261360.57,265043.08,352993.54,254969.27,487843.65,443074.06,277846.33,252651.6,657202.88,429938.09
2026-04-10,262611.73,267490.06,367975.46,256189.84,490924.08,448204.65,276939.14,253014.58,680882.31,439254.63
2026-04-17,264229.22,270799.57,375646.11,257767.77,492366.18,453087.27,284846.11,260245.66,711626.56,452518.1
2026-04-24,264145.08,270470.4,366508.39,257685.7,492792.61,454891.25,285143.49,259658.51,715434.43,453345.82
2026-05-01,264217.35,270957.79,367702.23,257781.28,496069.41,458872.6,286834.45,260406.26,722158.5,455074.02
2026-05-08,266439.81,273314.82,376318.82,259774.29,500002.88,462539.35,289618.77,259631.05,739164.02,461923.25
2026-05-15,263710.56,270207.67,377107.16,257362.33,500002.22,462489.04,288751.57,258806.57,740717.31,459722.0
2026-05-22,265062.78,271611.87,380393.07,258580.77,507766.95,469343.37,291069.03,260991.63,747200.85,462883.53
2026-05-29,264852.22,271155.42,385897.76,258410.67,510419.71,471568.66,293219.59,260286.31,758063.51,468469.07
2026-06-05,261031.42,267422.76,376290.42,254750.49,504202.33,465338.57,288979.33,258715.53,739093.88,460036.23
2026-06-12,261227.19,267889.13,378423.5,254941.56,510953.15,471657.22,289724.55,260221.33,743302.67,462709.4
2026-06-19,259736.47,266667.5,381934.02,253486.71,510981.78,471895.47,289618.49,260141.23,750230.9,465633.49
2026-06-26,257226.66,264762.32,372902.62,251037.29,512312.69,473360.09,293283.82,263434.32,732397.96,460362.41
2026-07-03,258200.88,266008.67,380939.52,251988.07,517049.17,477340.7,295392.3,265327.2,748261.8,465040.81
2026-07-10,259799.8,267599.03,386116.47,253548.51,518777.21,478828.96,293116.54,263530.56,758479.31,467880.04
2026-07-17,261964.0,269772.39,380183.49,255660.64,515023.19,475579.56,292180.75,263004.99,746764.76,463929.05
2026-07-24,263690.63,271509.34,377965.85,257345.72,514690.57,476212.95,293202.41,264519.58,742384.39,460694.42
2026-07-31,263344.33,271210.75,382089.61,257007.76,516565.77,476859.7,292170.61,263763.91,750522.34,463569.41
2026-08-07,264896.51,272823.74,393135.87,258522.58,527661.52,486552.28,293310.03,265623.4,776874.91,474408.7
2026-08-14,266686.19,274668.1,393461.27,260269.2,534071.79,492477.8,296281.81,268402.6,779969.33,475294.39
2026-08-21,267583.55,275578.63,392021.11,261144.97,530808.97,489160.09,293689.03,267094.26,769299.63,470901.68
2026-08-28,266566.84,274066.06,390148.06,260152.72,529296.78,487521.82,293608.36,266814.4,772946.62,472312.59
2026-09-04,267850.14,275329.29,392420.28,261405.14,530179.68,487673.11,294209.94,266723.42,773790.58,472062.66
2026-09-11,268069.4,275416.81,386474.65,261619.13,525174.48,482603.64,293645.07,266304.48,767862.95,467361.35
2026-09-18,266466.15,273835.99,380240.7,260054.46,522918.7,480209.81,293453.38,266060.96,767151.09,466672.48
2026-09-25,266428.79,273650.22,382368.55,260018.0,525499.17,482529.43,293956.08,266679.16,776880.32,468620.35
2026-10-02,265088.97,272320.98,376712.37,258710.42,522698.96,480455.28,294706.52,266990.02,775158.1,466657.57
